Time (s),Volume (m^3),N2,Ar,He,Ne,X(1),CH4(2),O2(3),CO2(4),H2O(5),H2(6),CO(7),C2H6(8),CH2O(9),CH3(10),C3H8(11),H(12),C2H5(13),CH3OH(14),HCO(15),CH3CHO(16),OH(17),C2H4(18),CH3OHX(46),OX(20),HX(19),CH3OX(45)
0.0,0.09846895040710585,0.70588235,0.0,0.0,0.0,0.2855599561806069,0.0,0.17647059,0.0,0.0,0.0,0.0,0.0,0.0,0.0,0.0,0.0,0.0,0.11764706,0.0,0.0,0.0,0.0,0.0,0.0,0.0,0.0
9.418114700275716e-24,0.09846895040710585,0.70588235,0.0,0.0,0.0,0.2855599561806069,0.0,0.17647059,0.0,0.0,6.11100357205267e-55,0.0,0.0,0.0,0.0,0.0,3.512889861385635e-42,0.0,0.11764706,0.0,0.0,0.0,0.0,2.4666312988479257e-18,6.447639013638611e-19,2.184774402480395e-21,2.184774402480395e-21
2.6370721160772006e-23,0.09846895040710585,0.70588235,0.0,0.0,0.0,0.2855599561806069,0.0,0.17647059,0.0,0.0,9.23494859656716e-54,0.0,0.0,0.0,0.0,0.0,2.121785476276924e-41,0.0,0.11764706,0.0,0.0,0.0,0.0,6.906567636773717e-18,1.8053389238188112e-18,6.1173683269451066e-21,6.1173683269451066e-21
6.027593408176458e-23,0.09846895040710585,0.70588235,0.0,0.0,0.0,0.2855599561806069,0.0,0.17647059,0.0,0.0,9.93453628527567e-53,0.0,0.0,0.0,0.0,0.0,1.0215483716909423e-40,0.0,0.11764705999999998,0.0,0.0,0.0,0.0,1.5786440312623398e-17,4.126488968728712e-18,1.3982556175874528e-20,1.3982556175874528e-20
1.2808635992374975e-22,0.09846895040710585,0.70588235,0.0,0.0,0.0,0.2855599561806069,0.0,0.17647059,0.0,0.0,9.131550416039684e-52,0.0,0.0,0.0,0.0,0.0,4.4613701239597535e-40,0.0,0.11764705999999997,0.0,0.0,0.0,0.0,3.354618566431516e-17,8.768789058548514e-18,2.971293187373337e-20,2.971293187373337e-20
2.6370721160772006e-22,0.09846895040710585,0.70588235,0.0,0.0,0.0,0.28555995618060687,0.0,0.17647059,0.0,0.0,7.812233633093471e-51,0.0,0.0,0.0,0.0,0.0,1.86253420450666e-39,0.0,0.11764705999999993,0.0,0.0,0.0,0.0,6.906567636766826e-17,1.8053389238188114e-17,6.117368326945103e-20,6.117368326945103e-20
5.349489149756606e-22,0.09846895040710585,0.70588235,0.0,0.0,0.0,0.28555995618060676,0.0,0.17647059,0.0,0.0,6.459305841627474e-50,0.0,0.0,0.0,0.0,0.0,7.609059955355707e-39,0.0,0.11764705999999986,0.0,0.0,0.0,0.0,1.401046577742528e-16,3.662258959746729e-17,1.240951860608863e-19,1.240951860608863e-19
1.0774323217115419e-21,0.09846895040710585,0.70588235,0.0,0.0,0.0,0.2855599561806066,0.0,0.17647058999999998,0.0,0.0,5.252600236974763e-49,0.0,0.0,0.0,0.0,0.0,3.07570369235644e-38,0.0,0.11764705999999972,0.0,0.0,0.0,0.0,2.8218262058693525e-16,7.376099031602563e-17,2.499381916437565e-19,2.499381916437565e-19
2.1623991351833043e-21,0.09846895040710585,0.70588235,0.0,0.0,0.0,0.28555995618060626,0.0,0.17647058999999995,0.0,0.0,4.2364123796314584e-48,0.0,0.0,0.0,0.0,0.0,1.2367269272602333e-37,0.0,0.11764705999999944,0.0,0.0,0.0,0.0,5.663385462103532e-16,1.48037791753142e-16,5.016242028094957e-19,5.016242028094957e-19
4.332332762126829e-21,0.09846895040710585,0.70588235,0.0,0.0,0.0,0.28555995618060553,0.0,0.17647058999999987,0.0,0.0,3.402916809308319e-47,0.0,0.0,0.0,0.0,0.0,4.959828117951005e-37,0.0,0.11764705999999887,0.0,0.0,0.0,0.0,1.1346503974494024e-15,2.9659139462737376e-16,1.0049962251409693e-18,1.0049962251409693e-18
8.672200016013879e-21,0.09846895040710585,0.70588235,0.0,0.0,0.0,0.2855599561806041,0.0,0.17647058999999973,0.0,0.0,2.7278590192709592e-46,0.0,0.0,0.0,0.0,0.0,1.986518279789836e-36,0.0,0.11764705999999774,0.0,0.0,0.0,0.0,2.271274099896352e-15,5.936986003758318e-16,2.011740269803896e-18,2.011740269803896e-18
1.735193452378798e-20,0.09846895040710585,0.70588235,0.0,0.0,0.0,0.2855599561806012,0.0,0.17647058999999943,0.0,0.0,2.1844996064296688e-45,0.0,0.0,0.0,0.0,0.0,7.95125013520519e-36,0.0,0.11764705999999546,0.0,0.0,0.0,0.0,4.544521504665658e-15,1.1879130118727172e-15,4.025228359129671e-18,4.025228359129671e-18
3.471140353933618e-20,0.09846895040710585,0.70588235,0.0,0.0,0.0,0.2855599561805955,0.0,0.17647058999999884,0.0,0.0,1.7484850740420552e-44,0.0,0.0,0.0,0.0,0.0,3.1815357523735894e-35,0.0,0.11764705999999091,0.0,0.0,0.0,0.0,9.0910163137059e-15,2.3763418348662967e-15,8.052204537780901e-18,8.052204537780901e-18
6.943034157043258e-20,0.09846895040710585,0.70588235,0.0,0.0,0.0,0.285559956180584,0.0,0.17647058999999765,0.0,0.0,1.3991423012950418e-43,0.0,0.0,0.0,0.0,0.0,1.2728214701156893e-34,0.0,0.1176470599999818,0.0,0.0,0.0,0.0,1.8184005929792897e-14,4.753199480852125e-15,1.6106156895082094e-17,1.6106156895082094e-17
1.3886821763262538e-19,0.09846895040710585,0.70588235,0.0,0.0,0.0,0.285559956180561,0.0,0.17647058999999526,0.0,0.0,1.1194555551610071e-42,0.0,0.0,0.0,0.0,0.0,5.091700248300947e-34,0.0,0.1176470599999636,0.0,0.0,0.0,0.0,3.636998515399292e-14,9.506914772813967e-15,3.2214061609679385e-17,3.2214061609679385e-17
2.7774396975701097e-19,0.09846895040710585,0.70588235,0.0,0.0,0.0,0.28555995618051505,0.0,0.17647058999999052,0.0,0.0,8.956211332383294e-42,0.0,0.0,0.0,0.0,0.0,2.036762975836772e-33,0.0,0.1176470599999272,0.0,0.0,0.0,0.0,7.274194357049716e-14,1.9014345356662458e-14,6.442987103885364e-17,6.442987103885364e-17
5.554954740057822e-19,0.09846895040710585,0.70588235,0.0,0.0,0.0,0.2855599561804232,0.0,0.176470589999981,0.0,0.0,7.165195829254467e-41,0.0,0.0,0.0,0.0,0.0,8.147217659314121e-33,0.0,0.11764705999985439,0.0,0.0,0.0,0.0,1.4548586027592242e-13,3.802920652377119e-14,1.288614898971208e-16,1.288614898971208e-16
1.1109984825033246e-18,0.09846895040710585,0.70588235,0.0,0.0,0.0,0.2855599561802394,0.0,0.17647058999996199,0.0,0.0,5.732247370109675e-40,0.0,0.0,0.0,0.0,0.0,3.258920215200872e-32,0.0,0.11764705999970877,0.0,0.0,0.0,0.0,2.9097369317643984e-13,7.605892885333559e-14,2.5772472761332974e-16,2.577247276133298e-16
2.2220044994984096e-18,0.09846895040710585,0.70588235,0.0,0.0,0.0,0.28555995617987184,0.0,0.17647058999992396,0.0,0.0,4.5858341790195946e-39,0.0,0.0,0.0,0.0,0.0,1.3035747163942899e-31,0.0,0.11764705999941753,0.0,0.0,0.0,0.0,5.819493569361426e-13,1.5211837347545187e-13,5.154512030444462e-16,5.154512030444462e-16
4.444016533488579e-18,0.09846895040710585,0.70588235,0.0,0.0,0.0,0.28555995617913676,0.0,0.1764705899998479,0.0,0.0,3.6686818563999394e-38,0.0,0.0,0.0,0.0,0.0,5.214312126149655e-31,0.0,0.11764705999883507,0.0,0.0,0.0,0.0,1.16390067629022e-12,3.0423726242443244e-13,1.0309041539014732e-15,1.0309041539014738e-15
8.888040601468918e-18,0.09846895040710585,0.70588235,0.0,0.0,0.0,0.28555995617766655,0.0,0.17647058999969578,0.0,0.0,2.9349512903345806e-37,0.0,0.0,0.0,0.0,0.0,2.085727502509395e-30,0.0,0.11764705999767014,0.0,0.0,0.0,0.0,2.3278032823370614e-12,6.084750379637695e-13,2.061810055594703e-15,2.061810055594706e-15
1.7776088737429598e-17,0.09846895040710585,0.70588235,0.0,0.0,0.0,0.2855599561747261,0.0,0.17647058999939155,0.0,0.0,2.3479633542434886e-36,0.0,0.0,0.0,0.0,0.0,8.34291531359626e-30,0.0,0.11764705999534027,0.0,0.0,0.0,0.0,4.6556083637855e-12,1.216950570187022e-12,4.123621858897867e-15,4.123621858897875e-15
3.5552185009350954e-17,0.09846895040710585,0.70588235,0.0,0.0,0.0,0.28555995616884533,0.0,0.17647058999878307,0.0,0.0,1.8783716120059787e-35,0.0,0.0,0.0,0.0,0.0,3.337167185715867e-29,0.0,0.11764705999068054,0.0,0.0,0.0,0.0,9.311218004101467e-12,2.433901483844458e-12,8.24724546517101e-15,8.247245465171043e-15
7.110437755319367e-17,0.09846895040710585,0.70588235,0.0,0.0,0.0,0.28555995615708374,0.0,0.17647058999756612,0.0,0.0,1.5026976607620087e-34,0.0,0.0,0.0,0.0,0.0,1.334867085994114e-28,0.0,0.11764705998136107,0.0,0.0,0.0,0.0,1.8622435194410207e-11,4.867802105064737e-12,1.649449267638455e-14,1.649449267638468e-14
1.0665657009703638e-16,0.09846895040710585,0.70588235,0.0,0.0,0.0,0.28555995614532215,0.0,0.17647058999634918,0.0,0.0,4.461133993232639e-34,0.0,0.0,0.0,0.0,0.0,2.8365926896636505e-28,0.0,0.11764705997204161,0.0,0.0,0.0,0.0,2.793365029439624e-11,7.301700716273726e-12,2.4741739886265335e-14,2.474173988626562e-14
1.422087626408791e-16,0.09846895040710585,0.70588235,0.0,0.0,0.0,0.28555995613356056,0.0,0.17647058999513224,0.0,0.0,9.720576546785278e-34,0.0,0.0,0.0,0.0,0.0,4.838893529275928e-28,0.0,0.11764705996272215,0.0,0.0,0.0,0.0,3.724486330406002e-11,9.735596513557926e-12,3.2988987094813356e-14,3.298898709481384e-14
2.1331314772856452e-16,0.09846895040710585,0.70588235,0.0,0.0,0.0,0.28555995611003737,0.0,0.17647058999269835,0.0,0.0,2.8215836140834916e-33,0.0,0.0,0.0,0.0,0.0,1.0018314638850811e-27,0.0,0.11764705994408323,0.0,0.0,0.0,0.0,5.586728441753069e-11,1.4603378354013726e-11,4.948348150878145e-14,4.9483481508782454e-14
2.8441753281624994e-16,0.09846895040710585,0.70588235,0.0,0.0,0.0,0.2855599560865142,0.0,0.17647058999026446,0.0,0.0,6.170485260848195e-33,0.0,0.0,0.0,0.0,0.0,1.703852942209569e-27,0.0,0.11764705992544433,0.0,0.0,0.0,0.0,7.448969784414481e-11,1.9471141859176984e-11,6.597797591784843e-14,6.597797591785013e-14
3.555219179039354e-16,0.09846895040710585,0.70588235,0.0,0.0,0.0,0.285559956062991,0.0,0.17647058998783058,0.0,0.0,1.1576670266337433e-32,0.0,0.0,0.0,0.0,0.0,2.6031023139381765e-27,0.0,0.11764705990680543,0.0,0.0,0.0,0.0,9.311210303484434e-11,2.433888020699406e-11,8.24724703216641e-14,8.247247032166673e-14
4.2662630299162085e-16,0.09846895040710585,0.70588235,0.0,0.0,0.0,0.285559956039468,0.0,0.17647058998539675,0.0,0.0,1.9597217034882155e-32,0.0,0.0,0.0,0.0,0.0,3.703173482859644e-27,0.0,0.11764705988816655,0.0,0.0,0.0,0.0,1.1173449983955744e-10,2.920658658573946e-11,9.896696472013278e-14,9.89669647201365e-14
5.688350731669916e-16,0.09846895040710585,0.70588235,0.0,0.0,0.0,0.28555995599242195,0.0,0.17647058998052909,0.0,0.0,4.555672025250248e-32,0.0,0.0,0.0,0.0,0.0,6.502856629036876e-27,0.0,0.11764705985088879,0.0,0.0,0.0,0.0,1.4897926841316498e-10,3.894187806116756e-11,1.3195595350110665e-13,1.3195595350111322e-13
7.110438433423625e-16,0.09846895040710585,0.70588235,0.0,0.0,0.0,0.2855599559453762,0.0,0.1764705899756616,0.0,0.0,8.832305097873891e-32,0.0,0.0,0.0,0.0,0.0,1.0105288622090299e-26,0.0,0.11764705981361104,0.0,0.0,0.0,0.0,1.8622400346535216e-10,4.867696402826299e-11,1.6494494226070597e-13,1.6494494226071611e-13
8.532526135177334e-16,0.09846895040710585,0.70588235,0.0,0.0,0.0,0.2855599558983306,0.0,0.17647058997079415,0.0,0.0,1.5212861313150024e-31,0.0,0.0,0.0,0.0,0.0,1.4509905972376194e-26,0.0,0.11764705977633336,0.0,0.0,0.0,0.0,2.234687050196796e-10,5.841179274342904e-11,1.9793393099894528e-13,1.979339309989598e-13
9.954613836931043e-16,0.09846895040710585,0.70588235,0.0,0.0,0.0,0.2855599558512854,0.0,0.1764705899659269,0.0,0.0,2.4118468324682145e-31,0.0,0.0,0.0,0.0,0.0,1.9715916232449537e-26,0.0,0.11764705973905569,0.0,0.0,0.0,0.0,2.607133731092687e-10,6.814631272686274e-11,2.3092291971584505e-13,2.309229197158648e-13
1.2798789240438462e-15,0.09846895040710585,0.70588235,0.0,0.0,0.0,0.28555995575719634,0.0,0.17647058995619294,0.0,0.0,5.118659066708493e-31,0.0,0.0,0.0,0.0,0.0,3.253137263540431e-26,0.0,0.11764705966450048,0.0,0.0,0.0,0.0,3.35202608925372e-10,8.761422096241004e-11,2.9690089708564433e-13,2.9690089708567684e-13
1.564296464394588e-15,0.09846895040710585,0.70588235,0.0,0.0,0.0,0.2855599556631092,0.0,0.17647058994645987,0.0,0.0,9.340231617014874e-31,0.0,0.0,0.0,0.0,0.0,4.8550320613800864e-26,0.0,0.11764705958994542,0.0,0.0,0.0,0.0,4.096917109697423e-10,1.070802774604708e-10,3.6287887437013546e-13,3.6287887437018403e-13
2.133131545096071e-15,0.09846895040710585,0.70588235,0.0,0.0,0.0,0.28555995547494256,0.0,0.17647058992699743,0.0,0.0,2.36739697289213e-30,0.0,0.0,0.0,0.0,0.0,9.019957015999252e-26,0.0,0.11764705944083566,0.0,0.0,0.0,0.0,5.586695137075446e-10,1.4600519117940626e-10,4.94834828683157e-13,4.948348286832471e-13
2.7019666257975548e-15,0.09846895040710585,0.70588235,0.0,0.0,0.0,0.2855599552867888,0.0,0.17647058990754114,0.0,0.0,4.810584737529588e-30,0.0,0.0,0.0,0.0,0.0,1.4466280849020014e-25,0.0,0.11764705929172645,0.0,0.0,0.0,0.0,7.076467813603592e-10,1.8491776715559648e-10,6.267907826549063e-13,6.267907826550512e-13
3.2708017064990384e-15,0.09846895040710585,0.70588235,0.0,0.0,0.0,0.2855599550986512,0.0,0.17647058988809264,0.0,0.0,8.532868559888674e-30,0.0,0.0,0.0,0.0,0.0,2.1194028169860257e-25,0.0,0.11764705914261775,0.0,0.0,0.0,0.0,8.566235139198332e-10,2.23814722686682e-10,7.587467362853544e-13,7.587467362855663e-13
3.839636787200522e-15,0.09846895040710585,0.70588235,0.0,0.0,0.0,0.285559954910533,0.0,0.17647058986865363,0.0,0.0,1.3803531924202222e-29,0.0,0.0,0.0,0.0,0.0,2.920323020282047e-25,0.0,0.1176470589935096,0.0,0.0,0.0,0.0,1.0055997113748535e-09,2.6269278033848766e-10,8.907026895744729e-13,8.907026895747648e-13
4.4084718679020056e-15,0.09846895040710585,0.70588235,0.0,0.0,0.0,0.2855599547224375,0.0,0.17647058984922567,0.0,0.0,2.089185855810594e-29,0.0,0.0,0.0,0.0,0.0,3.8493902336671642e-25,0.0,0.11764705884440198,0.0,0.0,0.0,0.0,1.154575373720922e-09,3.015486690760694e-10,1.0226586425222408e-12,1.0226586425226258e-12
4.977306948603489e-15,0.09846895040710585,0.70588235,0.0,0.0,0.0,0.285559954534368,0.0,0.17647058982981048,0.0,0.0,3.006713210487663e-29,0.0,0.0,0.0,0.0,0.0,4.906605000983125e-25,0.0,0.1176470586952949,0.0,0.0,0.0,0.0,1.3035505009576957e-09,3.403791244542858e-10,1.154614595128643e-12,1.1546145951291337e-12
5.654892425903646e-15,0.09846895040710585,0.70588235,0.0,0.0,0.0,0.28555995431038167,0.0,0.1764705898067023,0.0,0.0,4.409392805514699e-29,0.0,0.0,0.0,0.0,0.0,6.333177430438494e-25,0.0,0.11764705851768208,0.0,0.0,0.0,0.0,1.4810061271651645e-09,3.8659551139938047e-10,1.3117980036584421e-12,1.3117980036590756e-12
6.332477903203803e-15,0.09846895040710585,0.70588235,0.0,0.0,0.0,0.2855599540864422,0.0,0.17647058978361724,0.0,0.0,6.191914515303607e-29,0.0,0.0,0.0,0.0,0.0,7.941579523498512e-25,0.0,0.11764705834007003,0.0,0.0,0.0,0.0,1.6584609941074724e-09,4.3276570983792193e-10,1.4689814117038474e-12,1.4689814117046415e-12
7.13323918220698e-15,0.09846895040710585,0.70588235,0.0,0.0,0.0,0.2855599538218616,0.0,0.1764705897563691,0.0,0.0,8.850399849019289e-29,0.0,0.0,0.0,0.0,0.0,1.0076782341306331e-24,0.0,0.11764705813017151,0.0,0.0,0.0,0.0,1.8681737576327096e-09,4.87262009181944e-10,1.6547386196990467e-12,1.6547386197000546e-12
7.934000461210157e-15,0.09846895040710585,0.70588235,0.0,0.0,0.0,0.2855599535573632,0.0,0.17647058972916146,0.0,0.0,1.2178066020585459e-28,0.0,0.0,0.0,0.0,0.0,1.2465931795883674e-24,0.0,0.11764705792027405,0.0,0.0,0.0,0.0,2.0778854607642936e-09,5.416772057718337e-10,1.8404958270177246e-12,1.8404958270189715e-12
8.734761740213334e-15,0.09846895040710585,0.70588235,0.0,0.0,0.0,0.28555995329295586,0.0,0.1764705897019989,0.0,0.0,1.6250033751238031e-28,0.0,0.0,0.0,0.0,0.0,1.5109027971922082e-24,0.0,0.11764705771037764,0.0,0.0,0.0,0.0,2.287596103507281e-09,5.960023838002835e-10,2.026253033659892e-12,2.0262530336614024e-12
9.53552301921651e-15,0.09846895040710585,0.70588235,0.0,0.0,0.0,0.2855599530286485,0.0,0.17647058967488577,0.0,0.0,2.11414237618266e-28,0.0,0.0,0.0,0.0,0.0,1.8006070911135035e-24,0.0,0.1176470575004823,0.0,0.0,0.0,0.0,2.4973056858669143e-09,6.502286871328376e-10,2.212010239625572e-12,2.2120102396273733e-12
1.0336284298219688e-14,0.09846895040710585,0.70588235,0.0,0.0,0.0,0.2855599527644498,0.0,0.17647058964782644,0.0,0.0,2.6927356771756355e-28,0.0,0.0,0.0,0.0,0.0,2.1157060607934097e-24,0.0,0.11764705729058803,0.0,0.0,0.0,0.0,2.7070142078486402e-09,7.043473250652831e-10,2.3977674449148e-12,2.3977674449169165e-12
1.1137045577222865e-14,0.09846895040710585,0.70588235,0.0,0.0,0.0,0.2855599525003686,0.0,0.1764705896208253,0.0,0.0,3.368295349896195e-28,0.0,0.0,0.0,0.0,0.0,2.456199704398088e-24,0.0,0.1176470570806948,0.0,0.0,0.0,0.0,2.916721669457964e-09,7.583495778248949e-10,2.5835246495276227e-12,2.5835246495300796e-12
1.1937806856226042e-14,0.09846895040710585,0.70588235,0.0,0.0,0.0,0.2855599522364135,0.0,0.1764705895938867,0.0,0.0,4.148333466022306e-28,0.0,0.0,0.0,0.0,0.0,2.822088020688792e-24,0.0,0.11764705687080265,0.0,0.0,0.0,0.0,3.126428070700373e-09,8.122268015212872e-10,2.7692818534640962e-12,2.7692818534669195e-12
1.2738568135229219e-14,0.09846895040710585,0.70588235,0.0,0.0,0.0,0.285559951972593,0.0,0.17647058956701486,0.0,0.0,5.040362097143749e-28,0.0,0.0,0.0,0.0,0.0,3.2133710094852657e-24,0.0,0.11764705666091155,0.0,0.0,0.0,0.0,3.3361334115813165e-09,8.659704344576904e-10,2.955039056724291e-12,2.955039056727506e-12
1.3539329414232396e-14,0.09846895040710585,0.70588235,0.0,0.0,0.0,0.2855599517089157,0.0,0.1764705895402141,0.0,0.0,6.051893314761876e-28,0.0,0.0,0.0,0.0,0.0,3.6300486709396236e-24,0.0,0.1176470564510215,0.0,0.0,0.0,0.0,3.5458376921062364e-09,9.195720022877637e-10,3.1407962593082856e-12,3.140796259311917e-12
1.4340090693235573e-14,0.09846895040710585,0.70588235,0.0,0.0,0.0,0.28555995144538976,0.0,0.1764705895134885,0.0,0.0,7.190439190280133e-28,0.0,0.0,0.0,0.0,0.0,4.0721210048982604e-24,0.0,0.11764705624113253,0.0,0.0,0.0,0.0,3.755540912280595e-09,9.730231229021089e-10,3.326553461216172e-12,3.3265534612202455e-12
1.5140851972238748e-14,0.09846895040710585,0.70588235,0.0,0.0,0.0,0.28555995118202365,0.0,0.1764705894868423,0.0,0.0,8.463511794998037e-28,0.0,0.0,0.0,0.0,0.0,4.539588010866249e-24,0.0,0.1176470560312446,0.0,0.0,0.0,0.0,3.965243072109871e-09,1.0263155112294287e-09,3.51231066244805e-12,3.5123106624525914e-12
1.6742374530245102e-14,0.09846895040710585,0.70588235,0.0,0.0,0.0,0.2855599506558036,0.0,0.1764705894338043,0.0,0.0,1.1443285476738323e-27,0.0,0.0,0.0,0.0,0.0,5.5507060372793945e-24,0.0,0.11764705561147196,0.0,0.0,0.0,0.0,4.384644210755113e-09,1.1323914659719381e-09,3.883825062884244e-12,3.883825062889798e-12
1.8343897088251456e-14,0.09846895040710585,0.70588235,0.0,0.0,0.0,0.28555995013031943,0.0,0.1764705893811322,0.0,0.0,1.5051310928370835e-27,0.0,0.0,0.0,0.0,0.0,6.663402746392141e-24,0.0,0.11764705519170357,0.0,0.0,0.0,0.0,4.804041108085924e-09,1.2377357123291243e-09,4.255339460617897e-12,4.255339460624563e-12
1.9785267390457175e-14,0.09846895040710585,0.70588235,0.0,0.0,0.0,0.28555994965806447,0.0,0.1764705893340659,0.0,0.0,1.888535891060391e-27,0.0,0.0,0.0,0.0,0.0,7.75167955612954e-24,0.0,0.1176470548139156,0.0,0.0,0.0,0.0,5.181494689396185e-09,1.3318683936740374e-09,4.5897024162684865e-12,4.589702416276241e-12
2.1226637692662894e-14,0.09846895040710585,0.70588235,0.0,0.0,0.0,0.2855599491865,0.0,0.1764705892873431,0.0,0.0,2.3320779441723573e-27,0.0,0.0,0.0,0.0,0.0,8.922235095226662e-24,0.0,0.11764705443613112,0.0,0.0,0.0,0.0,5.558944835309523e-09,1.4253138641768726e-09,4.924065369731956e-12,4.924065369740882e-12
2.2668007994868613e-14,0.09846895040710585,0.70588235,0.0,0.0,0.0,0.28555994871566903,0.0,0.17647058924098533,0.0,0.0,2.8401382916826457e-27,0.0,0.0,0.0,0.0,0.0,1.0175069361913658e-23,0.0,0.11764705405835003,0.0,0.0,0.0,0.0,5.93639154585813e-09,1.5180294645801245e-09,5.258428321009382e-12,5.258428321019563e-12
2.4109378297074332e-14,0.09846895040710585,0.70588235,0.0,0.0,0.0,0.2855599482456125,0.0,0.17647058919501304,0.0,0.0,3.417097972996327e-27,0.0,0.0,0.0,0.0,0.0,1.1510182354002906e-23,0.0,0.1176470536805724,0.0,0.0,0.0,0.0,6.313834821074272e-09,1.6099739849373572e-09,5.592791270101943e-12,5.59279127011346e-12
2.555074859928005e-14,0.09846895040710585,0.70588235,0.0,0.0,0.0,0.2855599477763702,0.0,0.17647058914944622,0.0,0.0,4.067338027414271e-27,0.0,0.0,0.0,0.0,0.0,1.2927574069225263e-23,0.0,0.11764705330279819,0.0,0.0,0.0,0.0,6.6912746609902715e-09,1.701107727556381e-09,5.927154217010911e-12,5.9271542170238466e-12
2.699211890148577e-14,0.09846895040710585,0.70588235,0.0,0.0,0.0,0.2855599473079803,0.0,0.17647058910430377,0.0,0.0,4.795239494133958e-27,0.0,0.0,0.0,0.0,0.0,1.442724450546707e-23,0.0,0.11764705292502743,0.0,0.0,0.0,0.0,7.068711065638492e-09,1.7913925638433448e-09,6.261517161737651e-12,6.261517161752087e-12
2.8433489203691485e-14,0.09846895040710585,0.70588235,0.0,0.0,0.0,0.2855599468404791,0.0,0.17647058905960408,0.0,0.0,5.6051834122498736e-27,0.0,0.0,0.0,0.0,0.0,1.600919366076774e-23,0.0,0.11764705254726009,0.0,0.0,0.0,0.0,7.446144035051342e-09,1.880791984932838e-09,6.595880104283611e-12,6.595880104299631e-12
2.9874859505897204e-14,0.09846895040710585,0.70588235,0.0,0.0,0.0,0.28555994637390175,0.0,0.17647058901536447,0.0,0.0,6.501550820753416e-27,0.0,0.0,0.0,0.0,0.0,1.7673421533181817e-23,0.0,0.1176470521694962,0.0,0.0,0.0,0.0,7.823573569261283e-09,1.9692711459726773e-09,6.9302430446503284e-12,6.930243044668013e-12
3.1316229808102923e-14,0.09846895040710585,0.70588235,0.0,0.0,0.0,0.2855599459082811,0.0,0.1764705889716016,0.0,0.0,7.488722758532721e-27,0.0,0.0,0.0,0.0,0.0,1.941992812069996e-23,0.0,0.11764705179173572,0.0,0.0,0.0,0.0,8.200999668300806e-09,2.0567969041595766e-09,7.264605982839413e-12,7.264605982858848e-12
3.275760011030864e-14,0.09846895040710585,0.70588235,0.0,0.0,0.0,0.2855599454436487,0.0,0.1764705889283311,0.0,0.0,8.571080264372702e-27,0.0,0.0,0.0,0.0,0.0,2.1248713421266204e-23,0.0,0.1176470514139787,0.0,0.0,0.0,0.0,8.578422332202469e-09,2.143337850568257e-09,7.598968918852557e-12,7.598968918873823e-12
3.419897041251436e-14,0.09846895040710585,0.70588235,0.0,0.0,0.0,0.28555994498003434,0.0,0.17647058888556788,0.0,0.0,9.75300437695525e-27,0.0,0.0,0.0,0.0,0.0,2.3159777432829638e-23,0.0,0.11764705103622512,0.0,0.0,0.0,0.0,8.955841560998851e-09,2.228864335817212e-09,7.933331852691526e-12,7.933331852714705e-12
3.564034071472008e-14,0.09846895040710585,0.70588235,0.0,0.0,0.0,0.2855599445174657,0.0,0.1764705888433258,0.0,0.0,1.1038876134859421e-26,0.0,0.0,0.0,0.0,0.0,2.5153120153366387e-23,0.0,0.11764705065847496,0.0,0.0,0.0,0.0,9.333257354722578e-09,2.313348489612713e-09,8.267694784358139e-12,8.267694784383313e-12
3.70817110169258e-14,0.09846895040710585,0.70588235,0.0,0.0,0.0,0.2855599440559689,0.0,0.17647058880161795,0.0,0.0,1.2433076576561592e-26,0.0,0.0,0.0,0.0,0.0,2.722874158086704e-23,0.0,0.11764705028072825,0.0,0.0,0.0,0.0,9.710669713406312e-09,2.396764234270745e-09,8.602057713854295e-12,8.602057713881546e-12
3.852308131913152e-14,0.09846895040710585,0.70588235,0.0,0.0,0.0,0.2855599435955682,0.0,0.17647058876045646,0.0,0.0,1.393998674043552e-26,0.0,0.0,0.0,0.0,0.0,2.9386641713317743e-23,0.0,0.11764704990298495,0.0,0.0,0.0,0.0,1.0088078637082736e-08,2.4790872923653297e-09,8.936420641181938e-12,8.936420641211353e-12
3.996445162133724e-14,0.09846895040710585,0.70588235,0.0,0.0,0.0,0.285559943136286,0.0,0.1764705887198525,0.0,0.0,1.556398766475243e-26,0.0,0.0,0.0,0.0,0.0,3.1626820548694976e-23,0.0,0.11764704952524511,0.0,0.0,0.0,0.0,1.046548412578458e-08,2.560295188685752e-09,9.270783566343078e-12,9.270783566374737e-12
4.1405821923542956e-14,0.09846895040710585,0.70588235,0.0,0.0,0.0,0.2855599426781432,0.0,0.1764705886798165,0.0,0.0,1.7309460387681137e-26,0.0,0.0,0.0,0.0,0.0,3.394927808497202e-23,0.0,0.11764704914750869,0.0,0.0,0.0,0.0,1.0842886179544588e-08,2.6403672467009345e-09,9.605146489339774e-12,9.605146489373758e-12
4.2847192225748675e-14,0.09846895040710585,0.70588235,0.0,0.0,0.0,0.28555994222115844,0.0,0.17647058864035778,0.0,0.0,1.918078594728823e-26,0.0,0.0,0.0,0.0,0.0,3.635401432012551e-23,0.0,0.11764704876977572,0.0,0.0,0.0,0.0,1.1220284798395538e-08,2.71928457974488e-09,9.939509410174122e-12,9.939509410210515e-12
4.4288562527954394e-14,0.09846895040710585,0.70588235,0.0,0.0,0.0,0.2855599417653491,0.0,0.17647058860148507,0.0,0.0,2.1182345381538134e-26,0.0,0.0,0.0,0.0,0.0,3.884102925213627e-23,0.0,0.11764704839204616,0.0,0.0,0.0,0.0,1.1597679982370233e-08,2.7970300771567682e-09,1.0273872328848266e-11,1.027387232888715e-11
4.572993283016011e-14,0.09846895040710585,0.70588235,0.0,0.0,0.0,0.2855599413107303,0.0,0.1764705885632059,0.0,0.0,2.33185197282933e-26,0.0,0.0,0.0,0.0,0.0,4.1410322878986403e-23,0.0,0.11764704801432006,0.0,0.0,0.0,0.0,1.1975071731501492e-08,2.873588385630625e-09,1.0608235245364393e-11,1.060823524540585e-11
4.717130313236583e-14,0.09846895040710585,0.70588235,0.0,0.0,0.0,0.28555994085731573,0.0,0.17647058852552713,0.0,0.0,2.5593690025314295e-26,0.0,0.0,0.0,0.0,0.0,4.406189519865721e-23,0.0,0.11764704763659738,0.0,0.0,0.0,0.0,1.2352460045822156e-08,2.9489458860466883e-09,1.0942598159724717e-11,1.0942598159768829e-11
4.861267343457155e-14,0.09846895040710585,0.70588235,0.0,0.0,0.0,0.2855599404051174,0.0,0.17647058848845476,0.0,0.0,2.8012237310259935e-26,0.0,0.0,0.0,0.0,0.0,4.679574620912928e-23,0.0,0.11764704725887815,0.0,0.0,0.0,0.0,1.2729844925365076e-08,3.023090666068413e-09,1.127696107193148e-11,1.1276961071978332e-11
5.005404373677727e-14,0.09846895040710585,0.70588235,0.0,0.0,0.0,0.28555993995414536,0.0,0.17647058845199382,0.0,0.0,3.0578542620687416e-26,0.0,0.0,0.0,0.0,0.0,4.961187590838371e-23,0.0,0.11764704688116233,0.0,0.0,0.0,0.0,1.3107226370163128e-08,3.0960124887971004e-09,1.1611323981986964e-11,1.1611323982036637e-11
5.149541403898299e-14,0.09846895040710585,0.70588235,0.0,0.0,0.0,0.28555993950440844,0.0,0.1764705884161487,0.0,0.0,3.329698699405245e-26,0.0,0.0,0.0,0.0,0.0,5.251028429440275e-23,0.0,0.11764704650344995,0.0,0.0,0.0,0.0,1.3484604380249194e-08,3.167702757782382e-09,1.194568688989345e-11,1.1945686889946026e-11
5.293678434118871e-14,0.09846895040710585,0.70588235,0.0,0.0,0.0,0.28555993905591337,0.0,0.17647058838092286,0.0,0.0,3.61719514677094e-26,0.0,0.0,0.0,0.0,0.0,5.54909713651696e-23,0.0,0.117647046125741,0.0,0.0,0.0,0.0,1.3861978955656163e-08,3.2381544786916606e-09,1.2280049795653264e-11,1.2280049795708826e-11
5.4378154643394426e-14,0.09846895040710585,0.70588235,0.0,0.0,0.0,0.2855599386086658,0.0,0.176470588346319,0.0,0.0,3.9207817078911375e-26,0.0,0.0,0.0,0.0,0.0,5.855393711866797e-23,0.0,0.11764704574803551,0.0,0.0,0.0,0.0,1.4239350096416943e-08,3.307362217944319e-09,1.261441269926872e-11,1.261441269932735e-11
5.5819524945600145e-14,0.09846895040710585,0.70588235,0.0,0.0,0.0,0.28555993816266945,0.0,0.17647058831233908,0.0,0.0,4.2408964864810416e-26,0.0,0.0,0.0,0.0,0.0,6.169918155288196e-23,0.0,0.11764704537033344,0.0,0.0,0.0,0.0,1.4616717802564432e-08,3.375322058616747e-09,1.2948775600742164e-11,1.2948775600803947e-11
5.726089524780586e-14,0.09846895040710585,0.70588235,0.0,0.0,0.0,0.285559937717927,0.0,0.17647058827898432,0.0,0.0,4.577977586245755e-26,0.0,0.0,0.0,0.0,0.0,6.492670466579603e-23,0.0,0.11764704499263481,0.0,0.0,0.0,0.0,1.4994082074131544e-08,3.4420315539219925e-09,1.3283138500075938e-11,1.3283138500140956e-11
5.870226555001158e-14,0.09846895040710585,0.70588235,0.0,0.0,0.0,0.28555993727443935,0.0,0.17647058824625528,0.0,0.0,4.932463110880298e-26,0.0,0.0,0.0,0.0,0.0,6.823650645539538e-23,0.0,0.1176470446149396,0.0,0.0,0.0,0.0,1.53714429111512e-08,3.507489678563635e-09,1.3617501397272397e-11,1.3617501397340728e-11
6.01436358522173e-14,0.09846895040710585,0.70588235,0.0,0.0,0.0,0.28555993683220604,0.0,0.17647058821415168,0.0,0.0,5.304791164069619e-26,0.0,0.0,0.0,0.0,0.0,7.162858691966581e-23,0.0,0.11764704423724785,0.0,0.0,0.0,0.0,1.5748800313656297e-08,3.571696778257755e-09,1.395186429233388e-11,1.3951864292405612e-11
6.158500615442301e-14,0.09846895040710585,0.70588235,0.0,0.0,0.0,0.28555993639122557,0.0,0.17647058818267283,0.0,0.0,5.695399849488601e-26,0.0,0.0,0.0,0.0,0.0,7.510294605659372e-23,0.0,0.11764704385955951,0.0,0.0,0.0,0.0,1.6126154281679752e-08,3.634654517709605e-09,1.4286227185262743e-11,1.428622718533796e-11
6.302637645662873e-14,0.09846895040710585,0.70588235,0.0,0.0,0.0,0.28555993595149504,0.0,0.17647058815181715,0.0,0.0,6.104727270802092e-26,0.0,0.0,0.0,0.0,0.0,7.865958386416607e-23,0.0,0.11764704348187463,0.0,0.0,0.0,0.0,1.6503504815254485e-08,3.6963658273229838e-09,1.4620590076061327e-11,1.462059007614011e-11
6.446774675883445e-14,0.09846895040710585,0.70588235,0.0,0.0,0.0,0.2855599355130102,0.0,0.17647058812158267,0.0,0.0,6.533211531664884e-26,0.0,0.0,0.0,0.0,0.0,8.229850034037041e-23,0.0,0.11764704310419316,0.0,0.0,0.0,0.0,1.6880851914413382e-08,3.756834848910343e-09,1.4954952964731963e-11,1.4954952964814393e-11
6.590911706104017e-14,0.09846895040710585,0.70588235,0.0,0.0,0.0,0.2855599350757657,0.0,0.17647058809196664,0.0,0.0,6.981290735721762e-26,0.0,0.0,0.0,0.0,0.0,8.601969548319483e-23,0.0,0.11764704272651515,0.0,0.0,0.0,0.0,1.7258195579189338e-08,3.8160668806606445e-09,1.528931585127698e-11,1.528931585136314e-11
6.735048736324589e-14,0.09846895040710585,0.70588235,0.0,0.0,0.0,0.2855599346397554,0.0,0.17647058806296598,0.0,0.0,7.449402986607488e-26,0.0,0.0,0.0,0.0,0.0,8.982316929062795e-23,0.0,0.11764704234884055,0.0,0.0,0.0,0.0,1.7635535809615257e-08,3.874068321610007e-09,1.5623678735698683e-11,1.5623678735788658e-11
6.879185766545161e-14,0.09846895040710585,0.70588235,0.0,0.0,0.0,0.28555993420497155,0.0,0.1764705880345768,0.0,0.0,7.937986387946825e-26,0.0,0.0,0.0,0.0,0.0,9.370892176065907e-23,0.0,0.11764704197116937,0.0,0.0,0.0,0.0,1.801287260572401e-08,3.930846615847595e-09,1.5958041617999366e-11,1.5958041618093238e-11
7.023322796765733e-14,0.09846895040710585,0.70588235,0.0,0.0,0.0,0.28555993377140587,0.0,0.176470588006795,0.0,0.0,8.447479043354548e-26,0.0,0.0,0.0,0.0,0.0,9.767695289127791e-23,0.0,0.11764704159350166,0.0,0.0,0.0,0.0,1.8390205967548458e-08,3.986410196675928e-09,1.6292404498181303e-11,1.629240449827915e-11
7.311596857206877e-14,0.09846895040710585,0.70588235,0.0,0.0,0.0,0.28555993290789067,0.0,0.17647058795303433,0.0,0.0,9.530944530784345e-26,0.0,0.0,0.0,0.0,0.0,1.0585985112624094e-22,0.0,0.11764704083817651,0.0,0.0,0.0,0.0,1.9144862388475868e-08,4.093931564214659e-09,1.6961130252197926e-11,1.6961130252303976e-11
7.571043511603906e-14,0.09846895040710585,0.70588235,0.0,0.0,0.0,0.2855599321347901,0.0,0.17647058790667544,0.0,0.0,1.0581968173644245e-25,0.0,0.0,0.0,0.0,0.0,1.1350585253676279e-22,0.0,0.11764704015839561,0.0,0.0,0.0,0.0,1.9824041422387696e-08,4.186649371882034e-09,1.7562983423589135e-11,1.756298342370285e-11
7.830490166000935e-14,0.09846895040710585,0.70588235,0.0,0.0,0.0,0.28555993136546587,0.0,0.1764705878621991,0.0,0.0,1.1707551186647105e-25,0.0,0.0,0.0,0.0,0.0,1.2141843677635145e-22,0.0,0.11764703947862587,0.0,0.0,0.0,0.0,2.0503209329728928e-08,4.275602038562748e-09,1.81648365881499e-11,1.8164836588271554e-11
8.063992154958261e-14,0.09846895040710585,0.70588235,0.0,0.0,0.0,0.2855599306762385,0.0,0.17647058782374792,0.0,0.0,1.2786435883789137e-25,0.0,0.0,0.0,0.0,0.0,1.2876769090115996e-22,0.0,0.11764703886684261,0.0,0.0,0.0,0.0,2.1114450933276172e-08,4.3525043621720464e-09,1.8706504430424767e-11,1.8706504430553788e-11
8.297494143915587e-14,0.09846895040710585,0.70588235,0.0,0.0,0.0,0.28555992998994617,0.0,0.1764705877867597,0.0,0.0,1.3929645846335294e-25,0.0,0.0,0.0,0.0,0.0,1.3633287709950392e-22,0.0,0.11764703825506832,0.0,0.0,0.0,0.0,2.1725683524595278e-08,4.426480750884992e-09,1.9248172267185703e-11,1.9248172267322317e-11
8.507645933977181e-14,0.09846895040710585,0.70588235,0.0,0.0,0.0,0.2855599293747394,0.0,0.17647058775469462,0.0,0.0,1.5015072361203351e-25,0.0,0.0,0.0,0.0,0.0,1.4332616659384028e-22,0.0,0.11764703770447921,0.0,0.0,0.0,0.0,2.2275785151442355e-08,4.490610998718647e-09,1.973567331556319e-11,1.973567331570682e-11
8.717797724038775e-14,0.09846895040710585,0.70588235,0.0,0.0,0.0,0.28555992876180863,0.0,0.17647058772376392,0.0,0.0,1.615546889684198e-25,0.0,0.0,0.0,0.0,0.0,1.5049436105462267e-22,0.0,0.11764703715389738,0.0,0.0,0.0,0.0,2.2825879478598583e-08,4.55247239195759e-09,2.0223174359487323e-11,2.0223174359638148e-11
8.927949514100368e-14,0.09846895040710585,0.70588235,0.0,0.0,0.0,0.2855599281511035,0.0,0.1764705876939423,0.0,0.0,1.735219329539914e-25,0.0,0.0,0.0,0.0,0.0,1.5783746047564083e-22,0.0,0.11764703660332285,0.0,0.0,0.0,0.0,2.337596650616513e-08,4.612115592452976e-09,2.0710675398963983e-11,2.071067539912218e-11
9.138101304161962e-14,0.09846895040710585,0.70588235,0.0,0.0,0.0,0.28555992754257165,0.0,0.17647058766520377,0.0,0.0,1.860660339897819e-25,0.0,0.0,0.0,0.0,0.0,1.6535546485068653e-22,0.0,0.11764703605275562,0.0,0.0,0.0,0.0,2.3926046234243097e-08,4.6695926287743095e-09,2.1198176433998848e-11,2.1198176434164588e-11
9.348253094223555e-14,0.09846895040710585,0.70588235,0.0,0.0,0.0,0.2855599269361602,0.0,0.1764705876375218,0.0,0.0,1.9920057049637928e-25,0.0,0.0,0.0,0.0,0.0,1.7304837417355357e-22,0.0,0.11764703550219568,0.0,0.0,0.0,0.0,2.447611866293347e-08,4.7249566360568165e-09,2.168567746459743e-11,2.168567746477089e-11
9.53738970527899e-14,0.09846895040710585,0.70588235,0.0,0.0,0.0,0.2855599263921582,0.0,0.17647058761348905,0.0,0.0,2.11537698244114e-25,0.0,0.0,0.0,0.0,0.0,1.8012153628939337e-22,0.0,0.11764703500669799,0.0,0.0,0.0,0.0,2.4971177607861785e-08,4.773022217239928e-09,2.2124428388347527e-11,2.2124428388528082e-11
9.726526316334425e-14,0.09846895040710585,0.70588235,0.0,0.0,0.0,0.2855599258497902,0.0,0.1764705875902702,0.0,0.0,2.2437397591149984e-25,0.0,0.0,0.0,0.0,0.0,1.8733637140342139e-22,0.0,0.1176470345112062,0.0,0.0,0.0,0.0,2.5466230640441325e-08,4.819459785848283e-09,2.2563179308512303e-11,2.2563179308700093e-11
9.91566292738986e-14,0.09846895040710585,0.70588235,0.0,0.0,0.0,0.28555992530901586,0.0,0.1764705875678454,0.0,0.0,2.377193021662209e-25,0.0,0.0,0.0,0.0,0.0,1.9469287951111728e-22,0.0,0.11764703401572033,0.0,0.0,0.0,0.0,2.5961277760745498e-08,4.864309443647774e-09,2.300193022509538e-11,2.3001930225290557e-11
1.0104799538445295e-13,0.09846895040710585,0.70588235,0.0,0.0,0.0,0.2855599247697952,0.0,0.17647058754619435,0.0,0.0,2.5158357567567033e-25,0.0,0.0,0.0,0.0,0.0,2.0219106060796183e-22,0.0,0.11764703352024036,0.0,0.0,0.0,0.0,2.645631896884762e-08,4.907611463471318e-09,2.344068113810027e-11,2.344068113830297e-11
1.029393614950073e-13,0.09846895040710585,0.70588235,0.0,0.0,0.0,0.28555992423208765,0.0,0.176470587525297,0.0,0.0,2.6597669510694976e-25,0.0,0.0,0.0,0.0,0.0,2.0983091468943685e-22,0.0,0.11764703302476631,0.0,0.0,0.0,0.0,2.6951354264820948e-08,4.949406179438665e-09,2.3879432047530358e-11,2.3879432047740727e-11
1.0483072760556165e-13,0.09846895040710585,0.70588235,0.0,0.0,0.0,0.2855599236958531,0.0,0.17647058750513311,0.0,0.0,2.809085591268696e-25,0.0,0.0,0.0,0.0,0.0,2.176124417510253e-22,0.0,0.11764703252929817,0.0,0.0,0.0,0.0,2.7446383648738672e-08,4.989733886577103e-09,2.4318182953388897e-11,2.4318182953607076e-11
1.06722093716116e-13,0.09846895040710585,0.70588235,0.0,0.0,0.0,0.2855599231610512,0.0,0.17647058748568273,0.0,0.0,2.9638906640194956e-25,0.0,0.0,0.0,0.0,0.0,2.2553564178821115e-22,0.0,0.11764703203383595,0.0,0.0,0.0,0.0,2.7941407120673908e-08,5.028634747925462e-09,2.4756933855679027e-11,2.4756933855905158e-11
1.0861345982667035e-13,0.09846895040710585,0.70588235,0.0,0.0,0.0,0.2855599226276422,0.0,0.1764705874669257,0.0,0.0,3.124281155984183e-25,0.0,0.0,0.0,0.0,0.0,2.3360051479647934e-22,0.0,0.11764703153837963,0.0,0.0,0.0,0.0,2.843642468069969e-08,5.066148708303128e-09,2.519568475440375e-11,2.5195684754637975e-11
1.105048259372247e-13,0.09846895040710585,0.70588235,0.0,0.0,0.0,0.28555992209558634,0.0,0.1764705874488424,0.0,0.0,3.290356053822137e-25,0.0,0.0,0.0,0.0,0.0,2.418070607713158e-22,0.0,0.11764703104292923,0.0,0.0,0.0,0.0,2.8931436328889006e-08,5.102315415412179e-09,2.5634435649565966e-11,2.5634435649808433e-11
1.1239619204777904e-13,0.09846895040710585,0.70588235,0.0,0.0,0.0,0.28555992156484433,0.0,0.17647058743141303,0.0,0.0,3.4622143441898326e-25,0.0,0.0,0.0,0.0,0.0,2.501552797082073e-22,0.0,0.11764703054748474,0.0,0.0,0.0,0.0,2.9426442065314754e-08,5.137174148652407e-09,2.6073186541168444e-11,2.6073186541419293e-11
1.1428755815833338e-13,0.09846895040710585,0.70588235,0.0,0.0,0.0,0.2855599210353775,0.0,0.1764705874146182,0.0,0.0,3.6399550137408346e-25,0.0,0.0,0.0,0.0,0.0,2.586451716026418e-22,0.0,0.11764703005204616,0.0,0.0,0.0,0.0,2.992144189004977e-08,5.170763754959943e-09,2.6511937429213823e-11,2.65119374294732e-11
1.1617892426888773e-13,0.09846895040710585,0.70588235,0.0,0.0,0.0,0.28555992050714724,0.0,0.1764705873984388,0.0,0.0,3.8236770491258096e-25,0.0,0.0,0.0,0.0,0.0,2.672767364501075e-22,0.0,0.11764702955661349,0.0,0.0,0.0,0.0,3.0416435803166834e-08,5.203122590822116e-09,2.6950688313704646e-11,2.6950688313972684e-11
1.1807029037944208e-13,0.09846895040710585,0.70588235,0.0,0.0,0.0,0.2855599199801159,0.0,0.17647058738285587,0.0,0.0,4.0134794369925152e-25,0.0,0.0,0.0,0.0,0.0,2.7604997424609397e-22,0.0,0.11764702906118674,0.0,0.0,0.0,0.0,3.0911423804738624e-08,5.234288470239477e-09,2.7389439194643312e-11,2.7389439194920166e-11
1.1996165648999643e-13,0.09846895040710585,0.70588235,0.0,0.0,0.0,0.2855599194542462,0.0,0.17647058736785076,0.0,0.0,4.20946116398581e-25,0.0,0.0,0.0,0.0,0.0,2.8496488498609124e-22,0.0,0.1176470285657659,0.0,0.0,0.0,0.0,3.1406405894837796e-08,5.26429861867858e-09,2.7828190072032136e-11,2.7828190072317934e-11
1.2185302260055077e-13,0.09846895040710585,0.70588235,0.0,0.0,0.0,0.28555991892950144,0.0,0.17647058735340526,0.0,0.0,4.411721216747645e-25,0.0,0.0,0.0,0.0,0.0,2.9402146866559004e-22,0.0,0.11764702807035096,0.0,0.0,0.0,0.0,3.190138207353691e-08,5.293189632739448e-09,2.8266940945873276e-11,2.8266940946168176e-11
1.2374438871110512e-13,0.09846895040710585,0.70588235,0.0,0.0,0.0,0.2855599184058459,0.0,0.17647058733950138,0.0,0.0,4.620358581917071e-25,0.0,0.0,0.0,0.0,0.0,3.0321972528008195e-22,0.0,0.11764702757494194,0.0,0.0,0.0,0.0,3.2396352340908494e-08,5.320997446319132e-09,2.8705691816168826e-11,2.8705691816472967e-11
1.2563575482165947e-13,0.09846895040710585,0.70588235,0.0,0.0,0.0,0.28555991788324425,0.0,0.17647058732612145,0.0,0.0,4.835472246130234e-25,0.0,0.0,0.0,0.0,0.0,3.1255965482505935e-22,0.0,0.11764702707953884,0.0,0.0,0.0,0.0,3.289131669702497e-08,5.347757296601662e-09,2.914444268292075e-11,2.914444268323427e-11
1.274130554752297e-13,0.09846895040710585,0.70588235,0.0,0.0,0.0,0.28555991739308945,0.0,0.17647058731401055,0.0,0.0,5.043603338732012e-25,0.0,0.0,0.0,0.0,0.0,3.2146542165331525e-22,0.0,0.11764702661401813,0.0,0.0,0.0,0.0,3.335642510705648e-08,5.37197906668462e-09,2.955673313889125e-11,2.955673313921373e-11
1.2919035612879992e-13,0.09846895040710585,0.70588235,0.0,0.0,0.0,0.2855599169038068,0.0,0.17647058730233306,0.0,0.0,5.257622676613077e-25,0.0,0.0,0.0,0.0,0.0,3.3049628852069583e-22,0.0,0.11764702614850264,0.0,0.0,0.0,0.0,3.382152829745476e-08,5.3953339940529406e-09,2.996902359173578e-11,2.996902359206732e-11
1.3096765678237015e-13,0.09846895040710585,0.70588235,0.0,0.0,0.0,0.28555991641536865,0.0,0.17647058729107531,0.0,0.0,5.477612395560165e-25,0.0,0.0,0.0,0.0,0.0,3.3965225542346207e-22,0.0,0.11764702568299237,0.0,0.0,0.0,0.0,3.4286626268279813e-08,5.417849534006739e-09,3.038131404145566e-11,3.03813140417964e-11
1.3274495743594037e-13,0.09846895040710585,0.70588235,0.0,0.0,0.0,0.2855599159277483,0.0,0.17647058728022377,0.0,0.0,5.70365463135775e-25,0.0,0.0,0.0,0.0,0.0,3.4893332235787507e-22,0.0,0.11764702521748735,0.0,0.0,0.0,0.0,3.4751719019591547e-08,5.439552539375344e-09,3.0793604488052224e-11,3.079360448840228e-11
1.345222580895106e-13,0.09846895040710585,0.70588235,0.0,0.0,0.0,0.28555991544091947,0.0,0.1764705872697654,0.0,0.0,5.935831519788039e-25,0.0,0.0,0.0,0.0,0.0,3.5833948932019707e-22,0.0,0.11764702475198753,0.0,0.0,0.0,0.0,3.5216806551449837e-08,5.46046925216652e-09,3.120589493152667e-11,3.120589493188618e-11
1.3629955874308082e-13,0.09846895040710585,0.70588235,0.0,0.0,0.0,0.2855599149548566,0.0,0.1764705872596874,0.0,0.0,6.174225196630983e-25,0.0,0.0,0.0,0.0,0.0,3.6787075630668967e-22,0.0,0.11764702428649293,0.0,0.0,0.0,0.0,3.568188886391452e-08,5.480625297483031e-09,3.161818537188014e-11,3.161818537224923e-11
1.3807685939665105e-13,0.09846895040710585,0.70588235,0.0,0.0,0.0,0.28555991446953455,0.0,0.1764705872499772,0.0,0.0,6.418917797664264e-25,0.0,0.0,0.0,0.0,0.0,3.7752712331361556e-22,0.0,0.11764702382100355,0.0,0.0,0.0,0.0,3.614696595704539e-08,5.500045681458183e-09,3.2030475809113716e-11,3.2030475809492506e-11
1.3985416005022127e-13,0.09846895040710585,0.70588235,0.0,0.0,0.0,0.285559913984929,0.0,0.17647058724062262,0.0,0.0,6.669991458663305e-25,0.0,0.0,0.0,0.0,0.0,3.8730859033723746e-22,0.0,0.11764702335551938,0.0,0.0,0.0,0.0,3.6612037830902216e-08,5.518754788104394e-09,3.2442766243228414e-11,3.244276624361704e-11
1.416314607037915e-13,0.09846895040710585,0.70588235,0.0,0.0,0.0,0.2855599135010161,0.0,0.17647058723161185,0.0,0.0,6.927528315401258e-25,0.0,0.0,0.0,0.0,0.0,3.972151573738184e-22,0.0,0.11764702289004043,0.0,0.0,0.0,0.0,3.7077104485544685e-08,5.536776381189611e-09,3.2855056674225145e-11,3.285505667462373e-11
1.4340876135736172e-13,0.09846895040710585,0.70588235,0.0,0.0,0.0,0.28555991301777284,0.0,0.17647058722293324,0.0,0.0,7.191610503649022e-25,0.0,0.0,0.0,0.0,0.0,4.072468244196218e-22,0.0,0.1176470224245667,0.0,0.0,0.0,0.0,3.7542165921032474e-08,5.554133601407496e-09,3.3267347102104776e-11,3.3267347102513455e-11
1.4518606201093195e-13,0.09846895040710585,0.70588235,0.0,0.0,0.0,0.2855599125351767,0.0,0.17647058721457554,0.0,0.0,7.46232015917522e-25,0.0,0.0,0.0,0.0,0.0,4.1740359147091117e-22,0.0,0.1176470219590982,0.0,0.0,0.0,0.0,3.800722213742523e-08,5.57084897182978e-09,3.3679637526868113e-11,3.3679637527286983e-11
1.4696336266450217e-13,0.09846895040710585,0.70588235,0.0,0.0,0.0,0.2855599120532057,0.0,0.17647058720652786,0.0,0.0,7.73973941774622e-25,0.0,0.0,0.0,0.0,0.0,4.276854585239502e-22,0.0,0.1176470214936349,0.0,0.0,0.0,0.0,3.847227313478254e-08,5.586944402589631e-09,3.409192794851587e-11,3.4091927948945085e-11
1.487406633180724e-13,0.09846895040710585,0.70588235,0.0,0.0,0.0,0.2855599115718385,0.0,0.17647058719877942,0.0,0.0,8.023950415126118e-25,0.0,0.0,0.0,0.0,0.0,4.380924255750032e-22,0.0,0.11764702102817683,0.0,0.0,0.0,0.0,3.8937318913163975e-08,5.6024411939459275e-09,3.450421836704875e-11,3.4504218367488425e-11
1.5051796397164262e-13,0.09846895040710585,0.70588235,0.0,0.0,0.0,0.2855599110910545,0.0,0.17647058719132003,0.0,0.0,8.315035287076745e-25,0.0,0.0,0.0,0.0,0.0,4.486244926203339e-22,0.0,0.11764702056272397,0.0,0.0,0.0,0.0,3.9402359472629075e-08,5.617360042963024e-09,3.491650878246733e-11,3.49165087829176e-11
1.5229526462521285e-13,0.09846895040710585,0.70588235,0.0,0.0,0.0,0.28555991061083363,0.0,0.17647058718413952,0.0,0.0,8.613076169357671e-25,0.0,0.0,0.0,0.0,0.0,4.592816596562072e-22,0.0,0.11764702009727633,0.0,0.0,0.0,0.0,3.98673948132373e-08,5.631721048486335e-09,3.5328799194772193e-11,3.532879919523318e-11
1.5407256527878307e-13,0.09846895040710585,0.70588235,0.0,0.0,0.0,0.2855599101311563,0.0,0.1764705871772282,0.0,0.0,8.918155197726196e-25,0.0,0.0,0.0,0.0,0.0,4.700639266788875e-22,0.0,0.11764701963183394,0.0,0.0,0.0,0.0,4.033242493504814e-08,5.645543721258489e-09,3.57410896039638e-11,3.5741089604435646e-11
1.558498659323533e-13,0.09846895040710585,0.70588235,0.0,0.0,0.0,0.2855599096520036,0.0,0.1764705871705766,0.0,0.0,9.230354507937348e-25,0.0,0.0,0.0,0.0,0.0,4.809712936846392e-22,0.0,0.11764701916639675,0.0,0.0,0.0,0.0,4.0797449838121e-08,5.658846993740615e-09,3.6153380010042624e-11,3.615338001052543e-11
1.5762716658592352e-13,0.09846895040710585,0.70588235,0.0,0.0,0.0,0.285559909173357,0.0,0.17647058716417546,0.0,0.0,9.549756235743897e-25,0.0,0.0,0.0,0.0,0.0,4.920037606697275e-22,0.0,0.11764701870096478,0.0,0.0,0.0,0.0,4.126246952251531e-08,5.671649227503998e-09,3.656567041300903e-11,3.656567041350294e-11
1.5940446723949375e-13,0.09846895040710585,0.70588235,0.0,0.0,0.0,0.2855599086951989,0.0,0.17647058715801592,0.0,0.0,9.876442516896339e-25,0.0,0.0,0.0,0.0,0.0,5.03161327630417e-22,0.0,0.11764701823553803,0.0,0.0,0.0,0.0,4.1727483988290414e-08,5.683968223821657e-09,3.6977960812863353e-11,3.6977960813368496e-11
1.6118176789306397e-13,0.09846895040710585,0.70588235,0.0,0.0,0.0,0.28555990821751204,0.0,0.17647058715208944,0.0,0.0,1.0210495487142895e-24,0.0,0.0,0.0,0.0,0.0,5.14443994562973e-22,0.0,0.11764701777011649,0.0,0.0,0.0,0.0,4.2192493235505646e-08,5.6958212311815305e-09,3.739025120960588e-11,3.739025121012237e-11
1.629590685466342e-13,0.09846895040710585,0.70588235,0.0,0.0,0.0,0.2855599077402798,0.0,0.17647058714638758,0.0,0.0,1.055199728222953e-24,0.0,0.0,0.0,0.0,0.0,5.258517614636603e-22,0.0,0.11764701730470017,0.0,0.0,0.0,0.0,4.265749726422034e-08,5.707224958463477e-09,3.7802541603236856e-11,3.7802541603764804e-11
1.6473636920020442e-13,0.09846895040710585,0.70588235,0.0,0.0,0.0,0.28555990726348585,0.0,0.1764705871409023,0.0,0.0,1.0901030037899928e-24,0.0,0.0,0.0,0.0,0.0,5.373846283287444e-22,0.0,0.11764701683928908,0.0,0.0,0.0,0.0,4.312249607449376e-08,5.718195586763032e-09,3.821483199375644e-11,3.821483199429599e-11
1.6651366985377464e-13,0.09846895040710585,0.70588235,0.0,0.0,0.0,0.2855599067871145,0.0,0.17647058713562572,0.0,0.0,1.1257675889895506e-24,0.0,0.0,0.0,0.0,0.0,5.490425951544904e-22,0.0,0.1176470163738832,0.0,0.0,0.0,0.0,4.358748966638518e-08,5.728748779499633e-09,3.862712238116479e-11,3.8627122381716064e-11
1.6829097050734487e-13,0.09846895040710585,0.70588235,0.0,0.0,0.0,0.2855599063111505,0.0,0.17647058713055025,0.0,0.0,1.1622016973955402e-24,0.0,0.0,0.0,0.0,0.0,5.608256619371636e-22,0.0,0.11764701590848253,0.0,0.0,0.0,0.0,4.40524780399538e-08,5.738899693848325e-09,3.9039412765461996e-11,3.903941276602513e-11
1.700682711609151e-13,0.09846895040710585,0.70588235,0.0,0.0,0.0,0.2855599058355795,0.0,0.17647058712566857,0.0,0.0,1.1994135425816497e-24,0.0,0.0,0.0,0.0,0.0,5.727338286730289e-22,0.0,0.11764701544308709,0.0,0.0,0.0,0.0,4.451746119525884e-08,5.748662991192062e-09,3.945170314664812e-11,3.945170314722324e-11
1.7184557181448532e-13,0.09846895040710585,0.70588235,0.0,0.0,0.0,0.28555990536038717,0.0,0.17647058712097366,0.0,0.0,1.2374113381213377e-24,0.0,0.0,0.0,0.0,0.0,5.847670953583519e-22,0.0,0.11764701497769686,0.0,0.0,0.0,0.0,4.498243913235949e-08,5.7580528509009855e-09,3.9863993524723155e-11,3.986399352531037e-11
1.7362287246805554e-13,0.09846895040710585,0.70588235,0.0,0.0,0.0,0.2855599048855597,0.0,0.17647058711645858,0.0,0.0,1.276203297587838e-24,0.0,0.0,0.0,0.0,0.0,5.969254619893979e-22,0.0,0.11764701451231185,0.0,0.0,0.0,0.0,4.5447411851314916e-08,5.767082980044764e-09,4.027628389968708e-11,4.0276283900286546e-11
1.7540017312162577e-13,0.09846895040710585,0.70588235,0.0,0.0,0.0,0.2855599044110839,0.0,0.17647058711211677,0.0,0.0,1.3157976345541543e-24,0.0,0.0,0.0,0.0,0.0,6.092089285624322e-22,0.0,0.11764701404693206,0.0,0.0,0.0,0.0,4.591237935218422e-08,5.7757666278933475e-09,4.0688574271539835e-11,4.0688574272151664e-11
1.77177473775196e-13,0.09846895040710585,0.70588235,0.0,0.0,0.0,0.2855599039369471,0.0,0.17647058710794175,0.0,0.0,1.3562025625930645e-24,0.0,0.0,0.0,0.0,0.0,6.216174950737198e-22,0.0,0.11764701358155749,0.0,0.0,0.0,0.0,4.637734163502654e-08,5.784116597117337e-09,4.1100864640281305e-11,4.110086464090563e-11
1.7895477442876622e-13,0.09846895040710585,0.70588235,0.0,0.0,0.0,0.28555990346313675,0.0,0.1764705871039274,0.0,0.0,1.3974262952771177e-24,0.0,0.0,0.0,0.0,0.0,6.34151161519526e-22,0.0,0.11764701311618814,0.0,0.0,0.0,0.0,4.684229869990098e-08,5.792145255863991e-09,4.151315500591134e-11,4.1513155006548284e-11
1.8073207508233644e-13,0.09846895040710585,0.70588235,0.0,0.0,0.0,0.285559902989641,0.0,0.1764705871000678,0.0,0.0,1.4394770461786364e-24,0.0,0.0,0.0,0.0,0.0,6.46809927896116e-22,0.0,0.117647012650824,0.0,0.0,0.0,0.0,4.7307250546866575e-08,5.799864547299895e-09,4.192544536842979e-11,4.192544536907948e-11
1.8250937573590667e-13,0.09846895040710585,0.70588235,0.0,0.0,0.0,0.28555990251644836,0.0,0.1764705870963571,0.0,0.0,1.4823630288697148e-24,0.0,0.0,0.0,0.0,0.0,6.595937941997546e-22,0.0,0.11764701218546508,0.0,0.0,0.0,0.0,4.77721971759824e-08,5.807286004064409e-09,4.2337735727836425e-11,4.233773572849898e-11
1.842866763894769e-13,0.09846895040710585,0.70588235,0.0,0.0,0.0,0.2855599020435476,0.0,0.17647058709278968,0.0,0.0,1.5260924569222186e-24,0.0,0.0,0.0,0.0,0.0,6.725027604267074e-22,0.0,0.11764701172011138,0.0,0.0,0.0,0.0,4.823713858730748e-08,5.81442075784313e-09,4.275002608413098e-11,4.2750026084806534e-11
1.8606397704304712e-13,0.09846895040710585,0.70588235,0.0,0.0,0.0,0.2855599015709281,0.0,0.1764705870893603,0.0,0.0,1.5706735439077866e-24,0.0,0.0,0.0,0.0,0.0,6.85536826573239e-22,0.0,0.1176470112547629,0.0,0.0,0.0,0.0,4.870207478090083e-08,5.821279551886502e-09,4.316231643731321e-11,4.316231643800188e-11
1.8784127769661734e-13,0.09846895040710585,0.70588235,0.0,0.0,0.0,0.2855599010985793,0.0,0.1764705870860637,0.0,0.0,1.6161145033978285e-24,0.0,0.0,0.0,0.0,0.0,6.986959926356142e-22,0.0,0.11764701078941964,0.0,0.0,0.0,0.0,4.9167005756821455e-08,5.827872751979465e-09,4.3574606787382796e-11,4.357460678808471e-11
1.8961857835018757e-13,0.09846895040710585,0.70588235,0.0,0.0,0.0,0.2855599006264914,0.0,0.1764705870828949,0.0,0.0,1.6624235489635263e-24,0.0,0.0,0.0,0.0,0.0,7.119802586100976e-22,0.0,0.11764701032408159,0.0,0.0,0.0,0.0,4.963193151512833e-08,5.834210359835932e-09,4.398689713433941e-11,4.3986897135054716e-11
1.913958790037578e-13,0.09846895040710585,0.70588235,0.0,0.0,0.0,0.28555990015465466,0.0,0.17647058707984908,0.0,0.0,1.7096088941758344e-24,0.0,0.0,0.0,0.0,0.0,7.253896244929542e-22,0.0,0.11764700985874876,0.0,0.0,0.0,0.0,5.009685205588043e-08,5.8403020211188764e-09,4.4399187478182694e-11,4.43991874789115e-11
1.9317317965732802e-13,0.09846895040710585,0.70588235,0.0,0.0,0.0,0.28555989968305967,0.0,0.17647058707692154,0.0,0.0,1.7576787526054767e-24,0.0,0.0,0.0,0.0,0.0,7.389240902804485e-22,0.0,0.11764700939342115,0.0,0.0,0.0,0.0,5.0561767379136674e-08,5.846157038658591e-09,4.4811477818912236e-11,4.481147781965467e-11
1.9495048031089824e-13,0.09846895040710585,0.70588235,0.0,0.0,0.0,0.2855598992116976,0.0,0.17647058707410784,0.0,0.0,1.8066413378229516e-24,0.0,0.0,0.0,0.0,0.0,7.525836559688448e-22,0.0,0.11764700892809876,0.0,0.0,0.0,0.0,5.1026677484956006e-08,5.851784382136973e-09,4.522376815652765e-11,4.5223768157283835e-11
1.9672778096446847e-13,0.09846895040710585,0.70588235,0.0,0.0,0.0,0.28555989874055987,0.0,0.1764705870714037,0.0,0.0,1.8565048633985272e-24,0.0,0.0,0.0,0.0,0.0,7.663683215544073e-22,0.0,0.11764700846278159,0.0,0.0,0.0,0.0,5.1491582373397343e-08,5.857192699223365e-09,4.563605849102845e-11,4.563605849179853e-11
1.985050816180387e-13,0.09846895040710585,0.70588235,0.0,0.0,0.0,0.285559898269638,0.0,0.1764705870688049,0.0,0.0,1.9072775429022437e-24,0.0,0.0,0.0,0.0,0.0,7.802780870334002e-22,0.0,0.11764700799746963,0.0,0.0,0.0,0.0,5.195648204451959e-08,5.8623903233115694e-09,4.60483488224142e-11,4.6048348823198295e-11
2.0028238227160892e-13,0.09846895040710585,0.70588235,0.0,0.0,0.0,0.28555989779892405,0.0,0.17647058706630744,0.0,0.0,1.9589675899039113e-24,0.0,0.0,0.0,0.0,0.0,7.943129524020878e-22,0.0,0.1176470075321629,0.0,0.0,0.0,0.0,5.242137649838161e-08,5.8673852857000185e-09,4.6460639150684404e-11,4.646063915148263e-11
2.0205968292517914e-13,0.09846895040710585,0.70588235,0.0,0.0,0.0,0.2855598973284101,0.0,0.1764705870639074,0.0,0.0,2.0115832179731134e-24,0.0,0.0,0.0,0.0,0.0,8.0847291765673345e-22,0.0,0.11764700706686138,0.0,0.0,0.0,0.0,5.288626573504232e-08,5.8721853257819755e-09,4.687292947583853e-11,4.687292947665103e-11
2.0383698357874937e-13,0.09846895040710585,0.70588235,0.0,0.0,0.0,0.28555989685808897,0.0,0.1764705870616011,0.0,0.0,2.0651326406792034e-24,0.0,0.0,0.0,0.0,0.0,8.2275798279360105e-22,0.0,0.11764700660156505,0.0,0.0,0.0,0.0,5.3351149754560544e-08,5.876797900427526e-09,4.728521979787605e-11,4.7285219798702954e-11
2.056142842323196e-13,0.09846895040710585,0.70588235,0.0,0.0,0.0,0.2855598963879533,0.0,0.17647058705938495,0.0,0.0,2.119624071591305e-24,0.0,0.0,0.0,0.0,0.0,8.371681478089544e-22,0.0,0.11764700613627395,0.0,0.0,0.0,0.0,5.381602855699515e-08,5.881230192478173e-09,4.769751011679644e-11,4.769751011763785e-11
2.0739158488588982e-13,0.09846895040710585,0.70588235,0.0,0.0,0.0,0.2855598959179963,0.0,0.17647058705725552,0.0,0.0,2.175065724278315e-24,0.0,0.0,0.0,0.0,0.0,8.517034126990564e-22,0.0,0.11764700567098807,0.0,0.0,0.0,0.0,5.428090214240496e-08,5.885489120261605e-09,4.810980043259908e-11,4.810980043345515e-11
2.0916888553946004e-13,0.09846895040710585,0.70588235,0.0,0.0,0.0,0.2855598954482111,0.0,0.17647058705520938,0.0,0.0,2.2314658123088986e-24,0.0,0.0,0.0,0.0,0.0,8.663637774601705e-22,0.0,0.11764700520570741,0.0,0.0,0.0,0.0,5.474577051084879e-08,5.889581345883869e-09,4.852209074528339e-11,4.8522090746154215e-11
2.1094618619303027e-13,0.09846895040710585,0.70588235,0.0,0.0,0.0,0.28555989497859147,0.0,0.17647058705324342,0.0,0.0,2.288832549251494e-24,0.0,0.0,0.0,0.0,0.0,8.811492420885598e-22,0.0,0.11764700474043197,0.0,0.0,0.0,0.0,5.521063366238549e-08,5.8935132854197324e-09,4.893438105484875e-11,4.893438105573447e-11
2.127234868466005e-13,0.09846895040710585,0.70588235,0.0,0.0,0.0,0.285559894509131,0.0,0.17647058705135443,0.0,0.0,2.3471741486743084e-24,0.0,0.0,0.0,0.0,0.0,8.960598065804862e-22,0.0,0.11764700427516174,0.0,0.0,0.0,0.0,5.567549159707384e-08,5.8972911154932e-09,4.9346671361294527e-11,4.934667136219528e-11
2.1450078750017072e-13,0.09846895040710585,0.70588235,0.0,0.0,0.0,0.28555989403982407,0.0,0.17647058704953966,0.0,0.0,2.40649882414532e-24,0.0,0.0,0.0,0.0,0.0,9.110954709322135e-22,0.0,0.11764700380989673,0.0,0.0,0.0,0.0,5.614034431497263e-08,5.900920784421859e-09,4.975896166462008e-11,4.9758961665535994e-11
2.1627808815374094e-13,0.09846895040710585,0.70588235,0.0,0.0,0.0,0.28555989357066475,0.0,0.17647058704779606,0.0,0.0,2.466814789232278e-24,0.0,0.0,0.0,0.0,0.0,9.26256235140004e-22,0.0,0.11764700334463694,0.0,0.0,0.0,0.0,5.660519181614064e-08,5.904408017256296e-09,5.0171251964824744e-11,5.017125196575593e-11
2.1805538880731117e-13,0.09846895040710585,0.70588235,0.0,0.0,0.0,0.2855598931016476,0.0,0.17647058704612092,0.0,0.0,2.528130257502702e-24,0.0,0.0,0.0,0.0,0.0,9.415420992001191e-22,0.0,0.11764700287938237,0.0,0.0,0.0,0.0,5.707003410063665e-08,5.907758323680682e-09,5.058354226190781e-11,5.058354226285441e-11
2.198326894608814e-13,0.09846895040710585,0.70588235,0.0,0.0,0.0,0.2855598926327673,0.0,0.17647058704451157,0.0,0.0,2.5904534425238808e-24,0.0,0.0,0.0,0.0,0.0,9.56953063108821e-22,0.0,0.11764700241413302,0.0,0.0,0.0,0.0,5.75348711685194e-08,5.910977005902866e-09,5.099583255586858e-11,5.0995832556830727e-11
2.2338729076802187e-13,0.09846895040710585,0.70588235,0.0,0.0,0.0,0.2855598916953969,0.0,0.1764705870414802,0.0,0.0,2.7181558170865127e-24,0.0,0.0,0.0,0.0,0.0,9.881502904570328e-22,0.0,0.11764700148364995,0.0,0.0,0.0,0.0,5.846452965468018e-08,5.917039719131919e-09,5.182041313442039e-11,5.1820413135414e-11
2.2577597650901586e-13,0.09846895040710585,0.70588235,0.0,0.0,0.0,0.2855598910657624,0.0,0.1764705870395756,0.0,0.0,2.80628742112051e-24,0.0,0.0,0.0,0.0,0.0,1.0093958909219087e-21,0.0,0.11764700085837872,0.0,0.0,0.0,0.0,5.9089246777721194e-08,5.920848846226898e-09,5.237452980606356e-11,5.2374529807078566e-11
2.281646622500099e-13,0.09846895040710585,0.70588235,0.0,0.0,0.0,0.2855598904363375,0.0,0.17647058703777116,0.0,0.0,2.896303739732949e-24,0.0,0.0,0.0,0.0,0.0,1.0308674625184993e-21,0.0,0.1176470002331169,0.0,0.0,0.0,0.0,5.97139544783168e-08,5.924457786152205e-09,5.2928646472061047e-11,5.292864647309772e-11
2.305533479910039e-13,0.09846895040710585,0.70588235,0.0,0.0,0.0,0.2855598898071118,0.0,0.17647058703606155,0.0,0.0,2.9882247129673524e-24,0.0,0.0,0.0,0.0,0.0,1.0525650052377275e-21,0.0,0.11764699960786451,0.0,0.0,0.0,0.0,6.033865275660952e-08,5.927876946817693e-09,5.348276313241096e-11,5.348276313346952e-11
2.329420337319979e-13,0.09846895040710585,0.70588235,0.0,0.0,0.0,0.28555988917807545,0.0,0.17647058703444196,0.0,0.0,3.0820702808664872e-24,0.0,0.0,0.0,0.0,0.0,1.0744885190705146e-21,0.0,0.11764699898262154,0.0,0.0,0.0,0.0,6.096334161274193e-08,5.93111620629586e-09,5.4036879787111424e-11,5.4036879788192084e-11
2.3533071947299193e-13,0.09846895040710585,0.70588235,0.0,0.0,0.0,0.2855598885492192,0.0,0.17647058703290763,0.0,0.0,3.1778603834723697e-24,0.0,0.0,0.0,0.0,0.0,1.0966380040077814e-21,0.0,0.117646998357388,0.0,0.0,0.0,0.0,6.158802104685647e-08,5.934184939593996e-09,5.459099643616045e-11,5.459099643726345e-11
2.381536804158485e-13,0.09846895040710585,0.70588235,0.0,0.0,0.0,0.28555988780625324,0.0,0.1764705870311981,0.0,0.0,3.2935998391996604e-24,0.0,0.0,0.0,0.0,0.0,1.1231057074779577e-21,0.0,0.11764699761849595,0.0,0.0,0.0,0.0,6.232625822837438e-08,5.937603871358989e-09,5.52458542995437e-11,5.524585430067341e-11
2.4097664135870504e-13,0.09846895040710585,0.70588235,0.0,0.0,0.0,0.2855598870635125,0.0,0.17647058702959464,0.0,0.0,3.412115917312753e-24,0.0,0.0,0.0,0.0,0.0,1.1498890164569161e-21,0.0,0.11764699687961706,0.0,0.0,0.0,0.0,6.306448225094037e-08,5.940810905512954e-09,5.590071215502767e-11,5.590071215618439e-11
2.437996023015616e-13,0.09846895040710585,0.70588235,0.0,0.0,0.0,0.2855598863209837,0.0,0.17647058702809051,0.0,0.0,3.533441530516303e-24,0.0,0.0,0.0,0.0,0.0,1.1769879309296657e-21,0.0,0.11764699614075136,0.0,0.0,0.0,0.0,6.380269311478952e-08,5.943819070883707e-09,5.6555570002608907e-11,5.655557000379298e-11
2.4662256324441815e-13,0.09846895040710585,0.70588235,0.0,0.0,0.0,0.28555988557865475,0.0,0.17647058702667978,0.0,0.0,3.6576095915135025e-24,0.0,0.0,0.0,0.0,0.0,1.204402450881214e-21,0.0,0.1176469954018988,0.0,0.0,0.0,0.0,6.45408908201569e-08,5.9466406076611605e-09,5.721042784228396e-11,5.721042784349569e-11
2.494455241872747e-13,0.09846895040710585,0.70588235,0.0,0.0,0.0,0.285559884836514,0.0,0.1764705870253566,0.0,0.0,3.7846530130060684e-24,0.0,0.0,0.0,0.0,0.0,1.2321325762965672e-21,0.0,0.11764699466305939,0.0,0.0,0.0,0.0,6.527907536727749e-08,5.9492870137904695e-09,5.786528567404929e-11,5.786528567528901e-11
2.5226848513013126e-13,0.09846895040710585,0.70588235,0.0,0.0,0.0,0.28555988409455085,0.0,0.17647058702411555,0.0,0.0,3.914604707694247e-24,0.0,0.0,0.0,0.0,0.0,1.26017830716073e-21,0.0,0.11764699392423314,0.0,0.0,0.0,0.0,6.60172467563863e-08,5.951769088653696e-09,5.852014349790132e-11,5.852014349916935e-11
2.550914460729878e-13,0.09846895040710585,0.70588235,0.0,0.0,0.0,0.28555988335275506,0.0,0.1764705870229516,0.0,0.0,4.047497588276808e-24,0.0,0.0,0.0,0.0,0.0,1.2885396434587044e-21,0.0,0.11764699318542005,0.0,0.0,0.0,0.0,6.67554049877183e-08,5.9540969742497e-09,5.917500131383641e-11,5.917500131513305e-11
2.5791440701584437e-13,0.09846895040710585,0.70588235,0.0,0.0,0.0,0.28555988261111703,0.0,0.17647058702186003,0.0,0.0,4.183364567451053e-24,0.0,0.0,0.0,0.0,0.0,1.3172165851754911e-21,0.0,0.11764699244662011,0.0,0.0,0.0,0.0,6.749355006150839e-08,5.95628019412857e-09,5.982985912185088e-11,5.982985912317648e-11
2.607373679587009e-13,0.09846895040710585,0.70588235,0.0,0.0,0.0,0.28555988186962783,0.0,0.17647058702083626,0.0,0.0,4.3222385579128056e-24,0.0,0.0,0.0,0.0,0.0,1.3462091322960897e-21,0.0,0.11764699170783333,0.0,0.0,0.0,0.0,6.823168197799145e-08,5.95832769021281e-09,6.048471692194106e-11,6.048471692329593e-11
2.635603289015575e-13,0.09846895040710585,0.70588235,0.0,0.0,0.0,0.2855598811282792,0.0,0.1764705870198762,0.0,0.0,4.464152472356412e-24,0.0,0.0,0.0,0.0,0.0,1.3755172848054967e-21,0.0,0.11764699096905973,0.0,0.0,0.0,0.0,6.896980073740235e-08,5.960247857550872e-09,6.113957471410313e-11,6.11395747154876e-11
2.6638328984441403e-13,0.09846895040710585,0.70588235,0.0,0.0,0.0,0.2855598803870632,0.0,0.17647058701897583,0.0,0.0,4.609139223474744e-24,0.0,0.0,0.0,0.0,0.0,1.4051410426887082e-21,0.0,0.11764699023029927,0.0,0.0,0.0,0.0,6.970790633997598e-08,5.962048577064936e-09,6.179443249833332e-11,6.179443249974771e-11
2.692062507872706e-13,0.09846895040710585,0.70588235,0.0,0.0,0.0,0.28555987964597235,0.0,0.17647058701813148,0.0,0.0,4.757231723959197e-24,0.0,0.0,0.0,0.0,0.0,1.4350804059307174e-21,0.0,0.11764698949155197,0.0,0.0,0.0,0.0,7.04459987859471e-08,5.9637372464032345e-09,6.244929027462782e-11,6.244929027607247e-11
2.7202921173012714e-13,0.09846895040710585,0.70588235,0.0,0.0,0.0,0.2855598789049998,0.0,0.17647058701733975,0.0,0.0,4.908462886499682e-24,0.0,0.0,0.0,0.0,0.0,1.465335374516516e-21,0.0,0.11764698875281783,0.0,0.0,0.0,0.0,7.118407807555052e-08,5.965320809019635e-09,6.310414804298277e-11,6.310414804445794e-11
2.748521726729837e-13,0.09846895040710585,0.70588235,0.0,0.0,0.0,0.2855598781641389,0.0,0.1764705870165972,0.0,0.0,5.0628656237846375e-24,0.0,0.0,0.0,0.0,0.0,1.495905948431094e-21,0.0,0.11764698801409684,0.0,0.0,0.0,0.0,7.192214420902103e-08,5.966805781581581e-09,6.375900580339424e-11,6.375900580490029e-11
2.7767513361584025e-13,0.09846895040710585,0.70588235,0.0,0.0,0.0,0.28555987742338385,0.0,0.17647058701590101,0.0,0.0,5.220472848501016e-24,0.0,0.0,0.0,0.0,0.0,1.5267921276594395e-21,0.0,0.11764698727538901,0.0,0.0,0.0,0.0,7.266019718659337e-08,5.9681982797867585e-09,6.441386355585837e-11,6.441386355739562e-11
2.804980945586968e-13,0.09846895040710585,0.70588235,0.0,0.0,0.0,0.28555987668272853,0.0,0.17647058701524812,0.0,0.0,5.381317473334292e-24,0.0,0.0,0.0,0.0,0.0,1.557993912186538e-21,0.0,0.11764698653669434,0.0,0.0,0.0,0.0,7.339823700850226e-08,5.969504042665629e-09,6.506872130037113e-11,6.50687213019399e-11
2.8332105550155336e-13,0.09846895040710585,0.70588235,0.0,0.0,0.0,0.2855598759421677,0.0,0.1764705870146359,0.0,0.0,5.545432410968456e-24,0.0,0.0,0.0,0.0,0.0,1.5895113019973743e-21,0.0,0.11764698579801282,0.0,0.0,0.0,0.0,7.413626367498246e-08,5.9707284554521125e-09,6.57235790369286e-11,6.572357903852922e-11
2.861440164444099e-13,0.09846895040710585,0.70588235,0.0,0.0,0.0,0.28555987520169634,0.0,0.17647058701406182,0.0,0.0,5.7128505740860156e-24,0.0,0.0,0.0,0.0,0.0,1.6213442970769303e-21,0.0,0.11764698505934446,0.0,0.0,0.0,0.0,7.48742771862686e-08,5.9718765711051485e-09,6.637843676552675e-11,6.637843676715956e-11
2.8896697738726647e-13,0.09846895040710585,0.70588235,0.0,0.0,0.0,0.2855598744613097,0.0,0.17647058701352353,0.0,0.0,5.883604875367993e-24,0.0,0.0,0.0,0.0,0.0,1.6534928974101863e-21,0.0,0.11764698432068925,0.0,0.0,0.0,0.0,7.561227754259542e-08,5.97295313055793e-09,6.703329448616162e-11,6.70332944878269e-11
2.9178993833012303e-13,0.09846895040710585,0.70588235,0.0,0.0,0.0,0.2855598737210034,0.0,0.17647058701301882,0.0,0.0,6.057728227493928e-24,0.0,0.0,0.0,0.0,0.0,1.6859571029821207e-21,0.0,0.11764698358204717,0.0,0.0,0.0,0.0,7.635026474419755e-08,5.973962581764824e-09,6.76881521988291e-11,6.76881522005272e-11
2.946128992729796e-13,0.09846895040710585,0.70588235,0.0,0.0,0.0,0.28555987298077307,0.0,0.17647058701254553,0.0,0.0,6.235253543141873e-24,0.0,0.0,0.0,0.0,0.0,1.71873691377771e-21,0.0,0.11764698284341826,0.0,0.0,0.0,0.0,7.708823879130965e-08,5.9749090976121005e-09,6.834300990352517e-11,6.834300990525639e-11
2.9743586021583614e-13,0.09846895040710585,0.70588235,0.0,0.0,0.0,0.285559872240615,0.0,0.1764705870121018,0.0,0.0,6.416213734988393e-24,0.0,0.0,0.0,0.0,0.0,1.7518323297819277e-21,0.0,0.11764698210480251,0.0,0.0,0.0,0.0,7.782619968416637e-08,5.975796592756697e-09,6.899786760024575e-11,6.899786760201041e-11
3.002588211586927e-13,0.09846895040710585,0.70588235,0.0,0.0,0.0,0.28555987150052536,0.0,0.1764705870116857,0.0,0.0,6.600641715708566e-24,0.0,0.0,0.0,0.0,0.0,1.7852433509797483e-21,0.0,0.11764698136619992,0.0,0.0,0.0,0.0,7.856414742300228e-08,5.976628739454837e-09,6.965272528898672e-11,6.965272529078518e-11
3.0308178210154925e-13,0.09846895040710585,0.70588235,0.0,0.0,0.0,0.2855598707605008,0.0,0.17647058701129556,0.0,0.0,6.788570397975978e-24,0.0,0.0,0.0,0.0,0.0,1.818969977356141e-21,0.0,0.11764698062761048,0.0,0.0,0.0,0.0,7.930208200805205e-08,5.977408982439046e-09,7.030758296974399e-11,7.030758297157653e-11
3.059047430444058e-13,0.09846895040710585,0.70588235,0.0,0.0,0.0,0.2855598700205381,0.0,0.17647058701092977,0.0,0.0,6.980032694462733e-24,0.0,0.0,0.0,0.0,0.0,1.8530122088960745e-21,0.0,0.11764697988903419,0.0,0.0,0.0,0.0,8.004000343955023e-08,5.97814055289843e-09,7.096244064251341e-11,7.096244064438037e-11
3.0872770398726236e-13,0.09846895040710585,0.70588235,0.0,0.0,0.0,0.28555986928063426,0.0,0.17647058701058682,0.0,0.0,7.175061517839434e-24,0.0,0.0,0.0,0.0,0.0,1.8873700455845145e-21,0.0,0.11764697915047106,0.0,0.0,0.0,0.0,8.077791171773141e-08,5.9788264816140425e-09,7.161729830729084e-11,7.161729830919256e-11
3.115506649301189e-13,0.09846895040710585,0.70588235,0.0,0.0,0.0,0.28555986854078624,0.0,0.17647058701026522,0.0,0.0,7.373689780775205e-24,0.0,0.0,0.0,0.0,0.0,1.922043487406427e-21,0.0,0.11764697841192107,0.0,0.0,0.0,0.0,8.151580684283018e-08,5.979469611298604e-09,7.22721559640721e-11,7.22721559660089e-11
3.1437362587297546e-13,0.09846895040710585,0.70588235,0.0,0.0,0.0,0.2855598678009916,0.0,0.1764705870099637,0.0,0.0,7.57595039593766e-24,0.0,0.0,0.0,0.0,0.0,1.9570325343467737e-21,0.0,0.11764697767338424,0.0,0.0,0.0,0.0,8.225368881508109e-08,5.980072608187306e-09,7.292701361285308e-11,7.292701361482526e-11
3.17196586815832e-13,0.09846895040710585,0.70588235,0.0,0.0,0.0,0.2855598670612477,0.0,0.17647058700968102,0.0,0.0,7.78187627599294e-24,0.0,0.0,0.0,0.0,0.0,1.9923371863905153e-21,0.0,0.11764697693486056,0.0,0.0,0.0,0.0,8.299155763471865e-08,5.980637972923923e-09,7.358187125362957e-11,7.358187125563746e-11
3.2001954775868857e-13,0.09846895040710585,0.70588235,0.0,0.0,0.0,0.2855598663215523,0.0,0.17647058700941598,0.0,0.0,7.991500333605678e-24,0.0,0.0,0.0,0.0,0.0,2.0279574435226103e-21,0.0,0.11764697619635005,0.0,0.0,0.0,0.0,8.372941330197743e-08,5.98116805078393e-09,7.423672888639735e-11,7.423672888844128e-11
3.2284250870154513e-13,0.09846895040710585,0.70588235,0.0,0.0,0.0,0.28555986558190305,0.0,0.1764705870091675,0.0,0.0,8.204855481439016e-24,0.0,0.0,0.0,0.0,0.0,2.0638933057280146e-21,0.0,0.11764697545785266,0.0,0.0,0.0,0.0,8.446725581709198e-08,5.981665041273883e-09,7.489158651115228e-11,7.489158651323256e-11
3.256654696444017e-13,0.09846895040710585,0.70588235,0.0,0.0,0.0,0.28555986484229795,0.0,0.1764705870089345,0.0,0.0,8.4219746321546e-24,0.0,0.0,0.0,0.0,0.0,2.1001447729916834e-21,0.0,0.11764697471936844,0.0,0.0,0.0,0.0,8.52050851802968e-08,5.982131007144223e-09,7.554644412789009e-11,7.554644413000705e-11
3.2848843058725824e-13,0.09846895040710585,0.70588235,0.0,0.0,0.0,0.28555986410273515,0.0,0.17647058700871607,0.0,0.0,8.64289069841258e-24,0.0,0.0,0.0,0.0,0.0,2.136711845298569e-21,0.0,0.11764697398089738,0.0,0.0,0.0,0.0,8.594290139182638e-08,5.9825678828505575e-09,7.620130173660657e-11,7.620130173876054e-11
3.313113915301148e-13,0.09846895040710585,0.70588235,0.0,0.0,0.0,0.28555986336321276,0.0,0.17647058700851126,0.0,0.0,8.867636592871603e-24,0.0,0.0,0.0,0.0,0.0,2.1735945226336217e-21,0.0,0.11764697324243945,0.0,0.0,0.0,0.0,8.668070445191522e-08,5.982977482496484e-09,7.685615933729749e-11,7.685615933948878e-11
3.3413435247297135e-13,0.09846895040710585,0.70588235,0.0,0.0,0.0,0.28555986262372907,0.0,0.17647058700831922,0.0,0.0,9.096245228188828e-24,0.0,0.0,0.0,0.0,0.0,2.210792804981789e-21,0.0,0.11764697250399468,0.0,0.0,0.0,0.0,8.741849436079784e-08,5.983361507289115e-09,7.751101692995865e-11,7.751101693218759e-11
3.369573134158279e-13,0.09846895040710585,0.70588235,0.0,0.0,0.0,0.2855598618842826,0.0,0.17647058700813922,0.0,0.0,9.328749517019906e-24,0.0,0.0,0.0,0.0,0.0,2.248306692328019e-21,0.0,0.11764697176556307,0.0,0.0,0.0,0.0,8.815627111870869e-08,5.983721552536632e-09,7.816587451458575e-11,7.816587451685266e-11
3.3978027435868446e-13,0.09846895040710585,0.70588235,0.0,0.0,0.0,0.28555986114487175,0.0,0.17647058700797044,0.0,0.0,9.565182372018984e-24,0.0,0.0,0.0,0.0,0.0,2.2861361846572536e-21,0.0,0.1176469710271446,0.0,0.0,0.0,0.0,8.889403472588225e-08,5.984059114215581e-09,7.882073209117456e-11,7.88207320934798e-11
3.42603235301541e-13,0.09846895040710585,0.70588235,0.0,0.0,0.0,0.28555986040549514,0.0,0.1764705870078122,0.0,0.0,9.80557670583872e-24,0.0,0.0,0.0,0.0,0.0,2.324281281954437e-21,0.0,0.11764697028873929,0.0,0.0,0.0,0.0,8.963178518255301e-08,5.984375595133869e-09,7.947558965972082e-11,7.947558966206467e-11
3.4542619624439757e-13,0.09846895040710585,0.70588235,0.0,0.0,0.0,0.2855598596661514,0.0,0.17647058700766388,0.0,0.0,1.0049965431130257e-23,0.0,0.0,0.0,0.0,0.0,2.3627419842045084e-21,0.0,0.11764696955034713,0.0,0.0,0.0,0.0,9.036952248895541e-08,5.98467231071406e-09,8.013044722022027e-11,8.013044722260306e-11
3.482491571872541e-13,0.09846895040710585,0.70588235,0.0,0.0,0.0,0.28555985892683927,0.0,0.17647058700752477,0.0,0.0,1.0298381460543245e-23,0.0,0.0,0.0,0.0,0.0,2.4015182913924064e-21,0.0,0.11764696881196811,0.0,0.0,0.0,0.0,9.110724664532388e-08,5.984950494419981e-09,8.078530477266866e-11,8.078530477509071e-11
3.510721181301107e-13,0.09846895040710585,0.70588235,0.0,0.0,0.0,0.28555985818755775,0.0,0.17647058700739437,0.0,0.0,1.055085770672582e-23,0.0,0.0,0.0,0.0,0.0,2.4406102035030663e-21,0.0,0.11764696807360225,0.0,0.0,0.0,0.0,9.184495765189292e-08,5.985211302848417e-09,8.144016231706165e-11,8.144016231952331e-11
3.5389507907296723e-13,0.09846895040710585,0.70588235,0.0,0.0,0.0,0.28555985744830564,0.0,0.1764705870072721,0.0,0.0,1.080742708232462e-23,0.0,0.0,0.0,0.0,0.0,2.480017720521422e-21,0.0,0.11764696733524953,0.0,0.0,0.0,0.0,9.25826555088969e-08,5.9854558205062615e-09,8.2095019853395e-11,8.209501985589658e-11
3.567180400158238e-13,0.09846895040710585,0.70588235,0.0,0.0,0.0,0.2855598567090819,0.0,0.17647058700715745,0.0,0.0,1.1068122499984783e-23,0.0,0.0,0.0,0.0,0.0,2.5197408424324064e-21,0.0,0.11764696659690997,0.0,0.0,0.0,0.0,9.332034021657028e-08,5.985685064292356e-09,8.274987738166442e-11,8.274987738420625e-11
3.5954100095868034e-13,0.09846895040710585,0.70588235,0.0,0.0,0.0,0.28555985596988576,0.0,0.17647058700705,0.0,0.0,1.1332976872349923e-23,0.0,0.0,0.0,0.0,0.0,2.5597795692209487e-21,0.0,0.11764696585858354,0.0,0.0,0.0,0.0,9.405801177514749e-08,5.985899987702099e-09,8.340473490186561e-11,8.340473490444802e-11
3.623639619015369e-13,0.09846895040710585,0.70588235,0.0,0.0,0.0,0.28555985523071614,0.0,0.17647058700694926,0.0,0.0,1.1602023112062159e-23,0.0,0.0,0.0,0.0,0.0,2.6001339008719773e-21,0.0,0.11764696512027027,0.0,0.0,0.0,0.0,9.479567018486295e-08,5.986101484771758e-09,8.405959241399428e-11,8.405959241661758e-11
3.6518692284439345e-13,0.09846895040710585,0.70588235,0.0,0.0,0.0,0.2855598544915723,0.0,0.1764705870068548,0.0,0.0,1.1875294131762099e-23,0.0,0.0,0.0,0.0,0.0,2.6408038373704164e-21,0.0,0.11764696438197014,0.0,0.0,0.0,0.0,9.553331544595107e-08,5.986290393778525e-09,8.471444991804614e-11,8.471444992071066e-11
3.6800988378725e-13,0.09846895040710585,0.70588235,0.0,0.0,0.0,0.2855598537524533,0.0,0.17647058700676627,0.0,0.0,1.215282284408884e-23,0.0,0.0,0.0,0.0,0.0,2.681789378701191e-21,0.0,0.11764696364368318,0.0,0.0,0.0,0.0,9.62709475586462e-08,5.986467500711217e-09,8.536930741401685e-11,8.536930741672291e-11
3.736558056729631e-13,0.09846895040710585,0.70588235,0.0,0.0,0.0,0.2855598522742874,0.0,0.17647058700660542,0.0,0.0,1.2720784997171569e-23,0.0,0.0,0.0,0.0,0.0,2.7647072757994285e-21,0.0,0.11764696216714868,0.0,0.0,0.0,0.0,9.774617233979523e-08,5.9867892096850615e-09,8.667902238169771e-11,8.667902238448783e-11
3.787371353701049e-13,0.09846895040710585,0.70588235,0.0,0.0,0.0,0.2855598509440164,0.0,0.1764705870064774,0.0,0.0,1.324684242329418e-23,0.0,0.0,0.0,0.0,0.0,2.8404127515631398e-21,0.0,0.11764696083831261,0.0,0.0,0.0,0.0,9.907382967767687e-08,5.987045309841675e-09,8.785776582492979e-11,8.785776582779666e-11
3.838184650672467e-13,0.09846895040710585,0.70588235,0.0,0.0,0.0,0.28555984961381614,0.0,0.1764705870063634,0.0,0.0,1.3787206630821796e-23,0.0,0.0,0.0,0.0,0.0,2.917140786749054e-21,0.0,0.11764695950951913,0.0,0.0,0.0,0.0,1.0040144441841056e-07,5.987273328533721e-09,8.903650924191193e-11,8.903650924485662e-11
3.888997947643885e-13,0.09846895040710585,0.70588235,0.0,0.0,0.0,0.2855598482836835,0.0,0.17647058700626186,0.0,0.0,1.4342069566210946e-23,0.0,0.0,0.0,0.0,0.0,2.9948913812691695e-21,0.0,0.11764695818076824,0.0,0.0,0.0,0.0,1.0172901656336306e-07,5.9874763440215395e-09,9.021525263261898e-11,9.021525263564251e-11
3.939811244615303e-13,0.09846895040710585,0.70588235,0.0,0.0,0.0,0.28555984695361575,0.0,0.1764705870061715,0.0,0.0,1.4911623175902232e-23,0.0,0.0,0.0,0.0,0.0,3.0736645350354646e-21,0.0,0.11764695685205995,0.0,0.0,0.0,0.0,1.0305654611390121e-07,5.98765709709194e-09,9.139399599702567e-11,9.139399600012909e-11
3.990624541586721e-13,0.09846895040710585,0.70588235,0.0,0.0,0.0,0.28555984562361036,0.0,0.17647058700609103,0.0,0.0,1.549605940632033e-23,0.0,0.0,0.0,0.0,0.0,3.153460247959895e-21,0.0,0.11764695552339424,0.0,0.0,0.0,0.0,1.0438403307139165e-07,5.9878180281175295e-09,9.257273933510672e-11,9.257273933829112e-11
4.041437838558139e-13,0.09846895040710585,0.70588235,0.0,0.0,0.0,0.28555984429366515,0.0,0.17647058700601936,0.0,0.0,1.6095570203873965e-23,0.0,0.0,0.0,0.0,0.0,3.2342785199543935e-21,0.0,0.11764695419477113,0.0,0.0,0.0,0.0,1.0571147743720108e-07,5.987961310028995e-09,9.37514826468369e-11,9.375148265010331e-11
4.092251135529557e-13,0.09846895040710585,0.70588235,0.0,0.0,0.0,0.28555984296377834,0.0,0.1764705870059556,0.0,0.0,1.67103475149559e-23,0.0,0.0,0.0,0.0,0.0,3.316119350930873e-21,0.0,0.1176469528661906,0.0,0.0,0.0,0.0,1.0703887921269613e-07,5.988088877694869e-09,9.493022593219095e-11,9.493022593554042e-11
4.143064432500975e-13,0.09846895040710585,0.70588235,0.0,0.0,0.0,0.2855598416339481,0.0,0.1764705870058988,0.0,0.0,1.7340583285942904e-23,0.0,0.0,0.0,0.0,0.0,3.398982740801223e-21,0.0,0.11764695153765267,0.0,0.0,0.0,0.0,1.0836623839924332e-07,5.988202453965559e-09,9.61089691911435e-11,9.61089691945771e-11
4.193877729472393e-13,0.09846895040710585,0.70588235,0.0,0.0,0.0,0.285559840304173,0.0,0.17647058700584828,0.0,0.0,1.7986469463195752e-23,0.0,0.0,0.0,0.0,0.0,3.4828686894773105e-21,0.0,0.11764695020915733,0.0,0.0,0.0,0.0,1.0969355499820916e-07,5.988303572856379e-09,9.728771242366926e-11,9.728771242718805e-11
4.244691026443811e-13,0.09846895040710585,0.70588235,0.0,0.0,0.0,0.2855598389744515,0.0,0.1764705870058032,0.0,0.0,1.8648197993059212e-23,0.0,0.0,0.0,0.0,0.0,3.567777196870983e-21,0.0,0.11764694888070458,0.0,0.0,0.0,0.0,1.1102082901096012e-07,5.9883936002157115e-09,9.846645562974294e-11,9.846645563334793e-11
4.295504323415229e-13,0.09846895040710585,0.70588235,0.0,0.0,0.0,0.28555983764478243,0.0,0.17647058700576315,0.0,0.0,1.9325960821862013e-23,0.0,0.0,0.0,0.0,0.0,3.653708262894062e-21,0.0,0.11764694755229442,0.0,0.0,0.0,0.0,1.1234806043886258e-07,5.988473752164307e-09,9.964519880933915e-11,9.964519881303145e-11
4.346317620386647e-13,0.09846895040710585,0.70588235,0.0,0.0,0.0,0.2855598363151648,0.0,0.1764705870057275,0.0,0.0,2.0019949895916808e-23,0.0,0.0,0.0,0.0,0.0,3.740661887458353e-21,0.0,0.11764694622392682,0.0,0.0,0.0,0.0,1.1367524928328291e-07,5.9885451115168634e-09,1.0082394196243257e-10,1.0082394196621321e-10
4.397130917358065e-13,0.09846895040710585,0.70588235,0.0,0.0,0.0,0.28555983498559745,0.0,0.1764705870056957,0.0,0.0,2.0730357161520238e-23,0.0,0.0,0.0,0.0,0.0,3.828638070475634e-21,0.0,0.11764694489560182,0.0,0.0,0.0,0.0,1.1500239554558741e-07,5.9886086423919865e-09,1.0200268508899782e-10,1.0200268509286787e-10
4.447944214329483e-13,0.09846895040710585,0.70588235,0.0,0.0,0.0,0.28555983365607973,0.0,0.17647058700566748,0.0,0.0,2.1457374564952812e-23,0.0,0.0,0.0,0.0,0.0,3.917636811857662e-21,0.0,0.11764694356731939,0.0,0.0,0.0,0.0,1.1632949922714233e-07,5.988665203212217e-09,1.0318142818900955e-10,1.0318142819297005e-10
4.498757511300901e-13,0.09846895040710585,0.70588235,0.0,0.0,0.0,0.28555983232661086,0.0,0.1764705870056423,0.0,0.0,2.2201194052478968e-23,0.0,0.0,0.0,0.0,0.0,4.007658111516175e-21,0.0,0.11764694223907954,0.0,0.0,0.0,0.0,1.1765656032931391e-07,5.988715558282186e-09,1.0436017126244241e-10,1.0436017126649441e-10
4.549570808272319e-13,0.09846895040710585,0.70588235,0.0,0.0,0.0,0.28555983099719,0.0,0.17647058700561988,0.0,0.0,2.296200757034701e-23,0.0,0.0,0.0,0.0,0.0,4.0987019693628855e-21,0.0,0.11764694091088226,0.0,0.0,0.0,0.0,1.1898357885346827e-07,5.988760388104732e-09,1.05538914309271e-10,1.0553891431341557e-10
4.600384105243737e-13,0.09846895040710585,0.70588235,0.0,0.0,0.0,0.2855598296678167,0.0,0.17647058700559992,0.0,0.0,2.3740007064789127e-23,0.0,0.0,0.0,0.0,0.0,4.190768385309487e-21,0.0,0.1176469395827276,0.0,0.0,0.0,0.0,1.2031055480097155e-07,5.988800298569797e-09,1.0671765732946996e-10,1.0671765733370814e-10
4.651197402215156e-13,0.09846895040710585,0.70588235,0.0,0.0,0.0,0.28555982833849025,0.0,0.17647058700558213,0.0,0.0,2.4535384482021348e-23,0.0,0.0,0.0,0.0,0.0,4.283857359267648e-21,0.0,0.11764693825461546,0.0,0.0,0.0,0.0,1.2163748817318985e-07,5.988835829135099e-09,1.0789640032301386e-10,1.0789640032734671e-10
4.702010699186574e-13,0.09846895040710585,0.70588235,0.0,0.0,0.0,0.28555982700921034,0.0,0.1764705870055663,0.0,0.0,2.5348331768243528e-23,0.0,0.0,0.0,0.0,0.0,4.377968891149016e-21,0.0,0.11764693692654592,0.0,0.0,0.0,0.0,1.2296437897148912e-07,5.988867460108049e-09,1.0907514328987734e-10,1.0907514329430593e-10
4.752823996157993e-13,0.09846895040710585,0.70588235,0.0,0.0,0.0,0.28555982567997645,0.0,0.1764705870055522,0.0,0.0,2.617904086963936e-23,0.0,0.0,0.0,0.0,0.0,4.473102980865219e-21,0.0,0.11764693559851895,0.0,0.0,0.0,0.0,1.2429122719723537e-07,5.988895619129087e-09,1.1025388623003497e-10,1.1025388623456036e-10
4.803637293129411e-13,0.09846895040710585,0.70588235,0.0,0.0,0.0,0.2855598243507882,0.0,0.17647058700553972,0.0,0.0,2.702770373237632e-23,0.0,0.0,0.0,0.0,0.0,4.56925962832786e-21,0.0,0.11764693427053456,0.0,0.0,0.0,0.0,1.2561803285179456e-07,5.988920686945362e-09,1.114326291434614e-10,1.1143262914808465e-10
4.85445059010083e-13,0.09846895040710585,0.70588235,0.0,0.0,0.0,0.2855598230216454,0.0,0.17647058700552853,0.0,0.0,2.789451230260568e-23,0.0,0.0,0.0,0.0,0.0,4.666438833448521e-21,0.0,0.11764693294259272,0.0,0.0,0.0,0.0,1.2694479593653257e-07,5.9889430025524386e-09,1.1261137203013122e-10,1.1261137203485337e-10
4.905263887072248e-13,0.09846895040710585,0.70588235,0.0,0.0,0.0,0.28555982169254746,0.0,0.17647058700551863,0.0,0.0,2.8779658526462466e-23,0.0,0.0,0.0,0.0,0.0,4.764640596138761e-21,0.0,0.11764693161469346,0.0,0.0,0.0,0.0,1.282715164528152e-07,5.9889628677725144e-09,1.1379011489001902e-10,1.1379011489484115e-10
4.956077184043667e-13,0.09846895040710585,0.70588235,0.0,0.0,0.0,0.28555982036349437,0.0,0.17647058700550977,0.0,0.0,2.9683334350065474e-23,0.0,0.0,0.0,0.0,0.0,4.863864916310119e-21,0.0,0.11764693028683676,0.0,0.0,0.0,0.0,1.2959819440200828e-07,5.988980551330369e-09,1.1496885772309936e-10,1.1496885772802252e-10
5.006890481015085e-13,0.09846895040710585,0.70588235,0.0,0.0,0.0,0.2855598190344857,0.0,0.17647058700550186,0.0,0.0,3.060573171951722e-23,0.0,0.0,0.0,0.0,0.0,4.9641117938741095e-21,0.0,0.11764692895902265,0.0,0.0,0.0,0.0,1.3092482978547753e-07,5.988996292482231e-09,1.161476005293469e-10,1.1614760053437215e-10
5.057703777986504e-13,0.09846895040710585,0.70588235,0.0,0.0,0.0,0.2855598177055214,0.0,0.17647058700549487,0.0,0.0,3.154704258090395e-23,0.0,0.0,0.0,0.0,0.0,5.065381228742226e-21,0.0,0.11764692763125109,0.0,0.0,0.0,0.0,1.3225142260458867e-07,5.98901030424688e-09,1.1732634330873618e-10,1.1732634331386457e-10
5.108517074957922e-13,0.09846895040710585,0.70588235,0.0,0.0,0.0,0.2855598163766011,0.0,0.17647058700548862,0.0,0.0,3.250745888029559e-23,0.0,0.0,0.0,0.0,0.0,5.167673220825943e-21,0.0,0.1176469263035221,0.0,0.0,0.0,0.0,1.3357797286070735e-07,5.989022776282672e-09,1.185050860612418e-10,1.185050860664744e-10
5.159330371929341e-13,0.09846895040710585,0.70588235,0.0,0.0,0.0,0.2855598150477249,0.0,0.17647058700548307,0.0,0.0,3.348717256374577e-23,0.0,0.0,0.0,0.0,0.0,5.270987770036707e-21,0.0,0.11764692497583566,0.0,0.0,0.0,0.0,1.3490448055519926e-07,5.9890338774492325e-09,1.1968382878683835e-10,1.1968382879217625e-10
5.210143668900759e-13,0.09846895040710585,0.70588235,0.0,0.0,0.0,0.28555981371889233,0.0,0.17647058700547813,0.0,0.0,3.4486375577291796e-23,0.0,0.0,0.0,0.0,0.0,5.375324876285946e-21,0.0,0.11764692364819179,0.0,0.0,0.0,0.0,1.3623094568942988e-07,5.989043758088236e-09,1.2086257148550043e-10,1.2086257149094462e-10
5.260956965872178e-13,0.09846895040710585,0.70588235,0.0,0.0,0.0,0.28555981239010353,0.0,0.17647058700547372,0.0,0.0,3.5505259866954594e-23,0.0,0.0,0.0,0.0,0.0,5.4806845394850676e-21,0.0,0.11764692232059046,0.0,0.0,0.0,0.0,1.3755736826476477e-07,5.989052552054032e-09,1.2204131415720254e-10,1.220413141627542e-10
5.311770262843596e-13,0.09846895040710585,0.70588235,0.0,0.0,0.0,0.2855598110613582,0.0,0.17647058700546986,0.0,0.0,3.6544017378738747e-23,0.0,0.0,0.0,0.0,0.0,5.5870667595454545e-21,0.0,0.1176469209930317,0.0,0.0,0.0,0.0,1.388837482825694e-07,5.98906037852162e-09,1.2322005680191937e-10,1.2322005680757945e-10
5.413396856786432e-13,0.09846895040710585,0.70588235,0.0,0.0,0.0,0.28555980840399764,0.0,0.17647058700546323,0.0,0.0,3.8681919852607543e-23,0.0,0.0,0.0,0.0,0.0,5.802898869895447e-21,0.0,0.11764691833804186,0.0,0.0,0.0,0.0,1.4153638065104965e-07,5.989073541310834e-09,1.2557754201029538e-10,1.2557754201617558e-10
5.504860791334985e-13,0.09846895040710585,0.70588235,0.0,0.0,0.0,0.2855598060125212,0.0,0.17647058700545853,0.0,0.0,4.0675924100726786e-23,0.0,0.0,0.0,0.0,0.0,6.0006449127865145e-21,0.0,0.1176469159486965,0.0,0.0,0.0,0.0,1.4392360424962604e-07,5.9890830271741155e-09,1.2769927860528902e-10,1.2769927861137092e-10
5.596324725883538e-13,0.09846895040710585,0.70588235,0.0,0.0,0.0,0.2855598036211842,0.0,0.17647058700545465,0.0,0.0,4.273730273203274e-23,0.0,0.0,0.0,0.0,0.0,6.201704038528911e-21,0.0,0.11764691355948904,0.0,0.0,0.0,0.0,1.4631068998303838e-07,5.989090713516136e-09,1.2982101511245486e-10,1.29821015118742e-10
5.687788660432091e-13,0.09846895040710585,0.70588235,0.0,0.0,0.0,0.28555980122998664,0.0,0.17647058700545157,0.0,0.0,4.4867175175030206e-23,0.0,0.0,0.0,0.0,0.0,6.406076246605026e-21,0.0,0.11764691117041942,0.0,0.0,0.0,0.0,1.4869763785924857e-07,5.989096940221947e-09,1.3194275153164467e-10,1.3194275153814045e-10
5.779252594980645e-13,0.09846895040710585,0.70588235,0.0,0.0,0.0,0.2855597988389281,0.0,0.17647058700544904,0.0,0.0,4.706666085805084e-23,0.0,0.0,0.0,0.0,0.0,6.613761536497022e-21,0.0,0.11764690878148767,0.0,0.0,0.0,0.0,1.510844478862181e-07,5.989101982788867e-09,1.3406448786271025e-10,1.340644878694181e-10
5.870716529529198e-13,0.09846895040710585,0.70588235,0.0,0.0,0.0,0.28555979644800844,0.0,0.176470587005447,0.0,0.0,4.933687920925291e-23,0.0,0.0,0.0,0.0,0.0,6.824759907686825e-21,0.0,0.11764690639269375,0.0,0.0,0.0,0.0,1.5347112007190783e-07,5.98910606459336e-09,1.3618622410550323e-10,1.3618622411242658e-10
5.962180464077751e-13,0.09846895040710585,0.70588235,0.0,0.0,0.0,0.28555979405722726,0.0,0.17647058700544532,0.0,0.0,5.1678949656620936e-23,0.0,0.0,0.0,0.0,0.0,7.039071359656136e-21,0.0,0.11764690400403766,0.0,0.0,0.0,0.0,1.5585765442427836e-07,5.989109366839171e-09,1.383079602598754e-10,1.3830796026701778e-10
6.053644398626304e-13,0.09846895040710585,0.70588235,0.0,0.0,0.0,0.28555979166658463,0.0,0.17647058700544405,0.0,0.0,5.409399162796537e-23,0.0,0.0,0.0,0.0,0.0,7.256695891886418e-21,0.0,0.11764690161551938,0.0,0.0,0.0,0.0,1.5824405095128973e-07,5.989112036603849e-09,1.4042969632567849e-10,1.4042969633304332e-10
6.145108333174857e-13,0.09846895040710585,0.70588235,0.0,0.0,0.0,0.2855597892760802,0.0,0.17647058700544294,0.0,0.0,5.658312455092231e-23,0.0,0.0,0.0,0.0,0.0,7.477633503858906e-21,0.0,0.11764689922713895,0.0,0.0,0.0,0.0,1.6063030966090147e-07,5.989114193246164e-09,1.425514323027642e-10,1.4255143231035495e-10
6.23657226772341e-13,0.09846895040710585,0.70588235,0.0,0.0,0.0,0.2855597868857141,0.0,0.17647058700544205,0.0,0.0,5.914746785295316e-23,0.0,0.0,0.0,0.0,0.0,7.701884195054606e-21,0.0,0.1176468968388963,0.0,0.0,0.0,0.0,1.6301643056107278e-07,5.989115933590919e-09,1.4467316819098426e-10,1.446731681988044e-10
6.328036202271963e-13,0.09846895040710585,0.70588235,0.0,0.0,0.0,0.2855597844954861,0.0,0.17647058700544135,0.0,0.0,6.178814096134438e-23,0.0,0.0,0.0,0.0,0.0,7.929447964954285e-21,0.0,0.11764689445079148,0.0,0.0,0.0,0.0,1.654024136597623e-07,5.989117336167468e-09,1.4679490399019042e-10,1.467949039982434e-10
6.419500136820516e-13,0.09846895040710585,0.70588235,0.0,0.0,0.0,0.2855597821053962,0.0,0.17647058700544083,0.0,0.0,6.450626330320705e-23,0.0,0.0,0.0,0.0,0.0,8.160324813038485e-21,0.0,0.11764689206282443,0.0,0.0,0.0,0.0,1.677882589649282e-07,5.989118464682156e-09,1.4891663970023439e-10,1.489166397085237e-10
6.510964071369069e-13,0.09846895040710585,0.70588235,0.0,0.0,0.0,0.28555977971544433,0.0,0.17647058700544038,0.0,0.0,6.730295430547668e-23,0.0,0.0,0.0,0.0,0.0,8.394514738787516e-21,0.0,0.11764688967499516,0.0,0.0,0.0,0.0,1.7017396648452832e-07,5.989119370832996e-09,1.5103837532096782e-10,1.5103837532949693e-10
6.602428005917622e-13,0.09846895040710585,0.70588235,0.0,0.0,0.0,0.28555977732563037,0.0,0.17647058700544002,0.0,0.0,7.017933339491283e-23,0.0,0.0,0.0,0.0,0.0,8.632017741681453e-21,0.0,0.1176468872873037,0.0,0.0,0.0,0.0,1.7255953622651984e-07,5.9891200965754095e-09,1.5316011085224252e-10,1.531601108610149e-10
6.693891940466175e-13,0.09846895040710585,0.70588235,0.0,0.0,0.0,0.2855597749359543,0.0,0.17647058700543972,0.0,0.0,7.313651999809884e-23,0.0,0.0,0.0,0.0,0.0,8.872833821200144e-21,0.0,0.11764688489974999,0.0,0.0,0.0,0.0,1.7494496819885967e-07,5.989120675950448e-09,1.552818462939102e-10,1.552818463029293e-10
6.785355875014728e-13,0.09846895040710585,0.70588235,0.0,0.0,0.0,0.2855597725464162,0.0,0.17647058700543952,0.0,0.0,7.617563354144145e-23,0.0,0.0,0.0,0.0,0.0,9.116962976823198e-21,0.0,0.11764688251233403,0.0,0.0,0.0,0.0,1.773302624095041e-07,5.989121136572106e-09,1.5740358164582254e-10,1.5740358165509183e-10
6.876819809563281e-13,0.09846895040710585,0.70588235,0.0,0.0,0.0,0.28555977015701595,0.0,0.17647058700543936,0.0,0.0,7.929779345117058e-23,0.0,0.0,0.0,0.0,0.0,9.364405208030005e-21,0.0,0.11764688012505585,0.0,0.0,0.0,0.0,1.7971541886640912e-07,5.989121500841566e-09,1.5952531690783124e-10,1.5952531691735423e-10
6.968283744111835e-13,0.09846895040710585,0.70588235,0.0,0.0,0.0,0.28555976776775344,0.0,0.1764705870054392,0.0,0.0,8.250411915333896e-23,0.0,0.0,0.0,0.0,0.0,9.615160514299711e-21,0.0,0.11764687773791539,0.0,0.0,0.0,0.0,1.8210043757753016e-07,5.989121786934718e-09,1.6164705207978807e-10,1.6164705208956824e-10
7.15121161320894e-13,0.09846895040710585,0.70588235,0.0,0.0,0.0,0.2855597629896419,0.0,0.176470587005439,0.0,0.0,8.917374563831647e-23,0.0,0.0,0.0,0.0,0.0,1.0126610349943271e-20,0.0,0.11764687296404773,0.0,0.0,0.0,0.0,1.8687006179423967e-07,5.98912218043032e-09,1.6589052215295292e-10,1.6589052216325786e-10
7.334139482306045e-13,0.09846895040710585,0.70588235,0.0,0.0,0.0,0.2855597582120814,0.0,0.17647058700543888,0.0,0.0,9.619346840124011e-23,0.0,0.0,0.0,0.0,0.0,1.0651312479582465e-20,0.0,0.1176468681907309,0.0,0.0,0.0,0.0,1.9163913512326714e-07,5.989122404777748e-09,1.7013399186413074e-10,1.7013399187497446e-10
7.51706735140315e-13,0.09846895040710585,0.70588235,0.0,0.0,0.0,0.28555975343507184,0.0,0.17647058700543886,0.0,0.0,1.0357224284412116e-22,0.0,0.0,0.0,0.0,0.0,1.118926689904216e-20,0.0,0.11764686341796494,0.0,0.0,0.0,0.0,1.9640765762823954e-07,5.989122518136715e-09,1.7437746121213525e-10,1.7437746122353163e-10
7.699995220500255e-13,0.09846895040710585,0.70588235,0.0,0.0,0.0,0.28555974865861317,0.0,0.17647058700543883,0.0,0.0,1.1131902436610583e-22,0.0,0.0,0.0,0.0,0.0,1.1740473604143536e-20,0.0,0.11764685864574972,0.0,0.0,0.0,0.0,2.0117562937277658e-07,5.989122558801997e-09,1.7862093019578022e-10,1.786209302077433e-10
7.88292308959736e-13,0.09846895040710585,0.70588235,0.0,0.0,0.0,0.2855597438827051,0.0,0.17647058700543877,0.0,0.0,1.1944276836346535e-22,0.0,0.0,0.0,0.0,0.0,1.2304932590704061e-20,0.0,0.11764685387408519,0.0,0.0,0.0,0.0,2.0594305042049058e-07,5.989122551646753e-09,1.8286439881387926e-10,1.8286439882642304e-10
8.065850958694465e-13,0.09846895040710585,0.70588235,0.0,0.0,0.0,0.2855597391073477,0.0,0.17647058700543883,0.0,0.0,1.2795243022958597e-22,0.0,0.0,0.0,0.0,0.0,1.2882643854537497e-20,0.0,0.11764684910297131,0.0,0.0,0.0,0.0,2.1070992083498667e-07,5.989122512832029e-09,1.871078670652461e-10,1.8710786707838462e-10
8.248778827791571e-13,0.09846895040710585,0.70588235,0.0,0.0,0.0,0.28555973433254106,0.0,0.17647058700543888,0.0,0.0,1.3685696535495904e-22,0.0,0.0,0.0,0.0,0.0,1.3473607391453909e-20,0.0,0.117646844332408,0.0,0.0,0.0,0.0,2.1547624067986238e-07,5.989122453067614e-09,1.9135133494869448e-10,1.913513349624418e-10
8.431706696888676e-13,0.09846895040710585,0.70588235,0.0,0.0,0.0,0.2855597295582849,0.0,0.17647058700543888,0.0,0.0,1.461653291271707e-22,0.0,0.0,0.0,0.0,0.0,1.4077823197259652e-20,0.0,0.11764683956239519,0.0,0.0,0.0,0.0,2.2024201001870808e-07,5.989122379541161e-09,1.9559480246303806e-10,1.9559480247740818e-10
8.614634565985781e-13,0.09846895040710585,0.70588235,0.0,0.0,0.0,0.2855597247845791,0.0,0.1764705870054389,0.0,0.0,1.5588647693089214e-22,0.0,0.0,0.0,0.0,0.0,1.4695291267757382e-20,0.0,0.11764683479293284,0.0,0.0,0.0,0.0,2.2500722891510669e-07,5.9891222970007225e-09,1.998382696070905e-10,1.9983826962209755e-10
8.797562435082886e-13,0.09846895040710585,0.70588235,0.0,0.0,0.0,0.2855597200114237,0.0,0.17647058700543894,0.0,0.0,1.6602936414786952e-22,0.0,0.0,0.0,0.0,0.0,1.5326011598746048e-20,0.0,0.11764683002402085,0.0,0.0,0.0,0.0,2.2977189743263383e-07,5.989122208509226e-09,2.0408173637966549e-10,2.0408173639532358e-10
8.980490304179991e-13,0.09846895040710585,0.70588235,0.0,0.0,0.0,0.2855597152388187,0.0,0.17647058700543902,0.0,0.0,1.766029461569139e-22,0.0,0.0,0.0,0.0,0.0,1.5969984186020898e-20,0.0,0.11764682525565917,0.0,0.0,0.0,0.0,2.3453601563485787e-07,5.989122116057468e-09,2.0832520277957676e-10,2.0832520279589995e-10
9.346346042374202e-13,0.09846895040710585,0.70588235,0.0,0.0,0.0,0.2855597056952593,0.0,0.1764705870054391,0.0,0.0,1.990780160517123e-22,0.0,0.0,0.0,0.0,0.0,1.729768611259162e-20,0.0,0.11764681572058654,0.0,0.0,0.0,0.0,2.440626013476328e-07,5.98912192383575e-09,2.1681213445666266e-10,2.168121344743585e-10
9.712201780568412e-13,0.09846895040710585,0.70588235,0.0,0.0,0.0,0.2855596961539004,0.0,0.1764705870054392,0.0,0.0,2.2338332958666503e-22,0.0,0.0,0.0,0.0,0.0,1.8678397013757434e-20,0.0,0.11764680618771438,0.0,0.0,0.0,0.0,2.5358698656183077e-07,5.9891217274596565e-09,2.2529906462885756e-10,2.2529906464798278e-10
1e-12,0.09846895040710585,0.70588235,0.0,0.0,0.0,0.2855596886497937,0.0,0.1764705870054393,0.0,0.0,2.4383588389692585e-22,0.0,0.0,0.0,0.0,0.0,1.9801775735816172e-20,0.0,0.11764679869028379,0.0,0.0,0.0,0.0,2.610777409785853e-07,5.9891215718568206e-09,2.3197525621979733e-10,2.319752562400868e-10
1.0078057518762622e-12,0.09846895040710585,0.70588235,0.0,0.0,0.0,0.2855596866147415,0.0,0.17647058700543933,0.0,0.0,2.4959052968558386e-22,0.0,0.0,0.0,0.0,0.0,2.0112116855746984e-20,0.0,0.11764679665704224,0.0,0.0,0.0,0.0,2.6310917178573396e-07,5.989121529420511e-09,2.337859932866708e-10,2.337859933072821e-10
1.0443913256956832e-12,0.09846895040710585,0.70588235,0.0,0.0,0.0,0.2855596770777821,0.0,0.17647058700543944,0.0,0.0,2.777712592243761e-22,0.0,0.0,0.0,0.0,0.0,2.159884560472964e-20,0.0,0.11764678712856956,0.0,0.0,0.0,0.0,2.726291575275068e-07,5.9891213302050325e-09,2.422729204206115e-10,2.422729204427659e-10
1.0809768995151043e-12,0.09846895040710585,0.70588235,0.0,0.0,0.0,0.2855596675430217,0.0,0.17647058700543955,0.0,0.0,3.079971610306899e-22,0.0,0.0,0.0,0.0,0.0,2.3138583226815516e-20,0.0,0.11764677760229589,0.0,0.0,0.0,0.0,2.821469442951964e-07,5.989121130279493e-09,2.5075984602118885e-10,2.5075984604494346e-10
1.1175624733345253e-12,0.09846895040710585,0.70588235,0.0,0.0,0.0,0.28555965801045974,0.0,0.17647058700543966,0.0,0.0,3.403398778835938e-22,0.0,0.0,0.0,0.0,0.0,2.473132968805546e-20,0.0,0.11764676807822066,0.0,0.0,0.0,0.0,2.9166253259673273e-07,5.989120930221114e-09,2.5924677007891194e-10,2.59246770104324e-10
1.1907336209733676e-12,0.09846895040710585,0.70588235,0.0,0.0,0.0,0.28555963895192915,0.0,0.17647058700543986,0.0,0.0,4.1166232760001353e-22,0.0,0.0,0.0,0.0,0.0,2.807584899190463e-20,0.0,0.1176467490366636,0.0,0.0,0.0,0.0,3.1068711583247806e-07,5.989120530200636e-09,2.762206135278315e-10,2.7622061355673077e-10
1.2639047686122098e-12,0.09846895040710585,0.70588235,0.0,0.0,0.0,0.2855596199021865,0.0,0.17647058700544005,0.0,0.0,4.923117496226478e-22,0.0,0.0,0.0,0.0,0.0,3.16324032434987e-20,0.0,0.11764673000389428,0.0,0.0,0.0,0.0,3.2970291129583554e-07,5.989120130795835e-09,2.931944506914417e-10,2.9319445072405877e-10
1.337075916251052e-12,0.09846895040710585,0.70588235,0.0,0.0,0.0,0.2855596008612275,0.0,0.17647058700544024,0.0,0.0,5.828612844035013e-22,0.0,0.0,0.0,0.0,0.0,3.540099216911098e-20,0.0,0.11764671097990868,0.0,0.0,0.0,0.0,3.4870992304602183e-07,5.989119731526421e-09,3.1016828149381303e-10,3.101682815303799e-10
1.4102470638898944e-12,0.09846895040710585,0.70588235,0.0,0.0,0.0,0.2855595818290481,0.0,0.17647058700544044,0.0,0.0,6.838840715868161e-22,0.0,0.0,0.0,0.0,0.0,3.9381615494066546e-20,0.0,0.11764669196470279,0.0,0.0,0.0,0.0,3.677081551403788e-07,5.989119332191662e-09,3.271421058590152e-10,3.2714210589976467e-10
1.4834182115287366e-12,0.09846895040710585,0.70588235,0.0,0.0,0.0,0.2855595628056444,0.0,0.17647058700544063,0.0,0.0,7.959532499985538e-22,0.0,0.0,0.0,0.0,0.0,4.3574272942742273e-20,0.0,0.11764667295827246,0.0,0.0,0.0,0.0,3.866976116343738e-07,5.989118932982136e-09,3.441159237111169e-10,3.4411592375628317e-10
1.6297605068064211e-12,0.09846895040710585,0.70588235,0.0,0.0,0.0,0.2855595247851475,0.0,0.17647058700544102,0.0,0.0,1.0555233316367855e-21,0.0,0.0,0.0,0.0,0.0,5.2595689104020275e-20,0.0,0.11764663497172244,0.0,0.0,0.0,0.0,4.246502140337848e-07,5.989118135107763e-09,3.780635395722881e-10,3.7806353962699493e-10
1.7614685725563372e-12,0.09846895040710585,0.70588235,0.0,0.0,0.0,0.28555949059667235,0.0,0.17647058700544138,0.0,0.0,1.3326647746851064e-21,0.0,0.0,0.0,0.0,0.0,6.144011756782682e-20,0.0,0.11764660081379935,0.0,0.0,0.0,0.0,4.5877758428612784e-07,5.989117417990811e-09,4.086163708107747e-10,4.086163708748803e-10
1.893176638306253e-12,0.09846895040710585,0.70588235,0.0,0.0,0.0,0.2855594564365671,0.0,0.17647058700544174,0.0,0.0,1.6545099418455553e-21,0.0,0.0,0.0,0.0,0.0,7.097153226265423e-20,0.0,0.11764656668424624,0.0,0.0,0.0,0.0,4.928765845783637e-07,5.9891167015108775e-09,4.391691797658865e-10,4.3916917984016716e-10
2.024884704056169e-12,0.09846895040710585,0.70588235,0.0,0.0,0.0,0.2855594223048084,0.0,0.1764705870054421,0.0,0.0,2.0244013478278094e-21,0.0,0.0,0.0,0.0,0.0,8.11899315467799e-20,0.0,0.11764653258303955,0.0,0.0,0.0,0.0,5.269472384943261e-07,5.989115985450157e-09,4.697219659947566e-10,4.697219660799955e-10
2.156592769806085e-12,0.09846895040710585,0.70588235,0.0,0.0,0.0,0.2855593882013725,0.0,0.17647058700544246,0.0,0.0,2.4456814979312374e-21,0.0,0.0,0.0,0.0,0.0,9.209531376852611e-20,0.0,0.11764649851015567,0.0,0.0,0.0,0.0,5.609895695982446e-07,5.9891152699361275e-09,5.002747290545083e-10,5.002747291514952e-10
2.420008901305917e-12,0.09846895040710585,0.70588235,0.0,0.0,0.0,0.2855593200793751,0.0,0.17647058700544319,0.0,0.0,3.455778003103353e-21,0.0,0.0,0.0,0.0,0.0,1.1596702036839159e-19,0.0,0.11764643044926229,0.0,0.0,0.0,0.0,6.289893575289714e-07,5.989113840687055e-09,5.613801838950991e-10,5.613801840179777e-10
2.683425032805749e-12,0.09846895040710585,0.70588235,0.0,0.0,0.0,0.2855592520703868,0.0,0.1764705870054439,0.0,0.0,4.711539304178116e-21,0.0,0.0,0.0,0.0,0.0,1.4258663864971744e-19,0.0,0.11764636250137799,0.0,0.0,0.0,0.0,6.968761364929014e-07,5.98911241402762e-09,6.224855407444444e-10,6.224855408964543e-10
2.9468411643055812e-12,0.09846895040710585,0.70588235,0.0,0.0,0.0,0.2855591841742199,0.0,0.17647058700544463,0.0,0.0,6.23970508534997e-21,0.0,0.0,0.0,0.0,0.0,1.7195415504067498e-19,0.0,0.11764629466631492,0.0,0.0,0.0,0.0,7.646500942997284e-07,5.989110989691469e-09,6.83590796059171e-10,6.835907962436046e-10
3.2102572958054133e-12,0.09846895040710585,0.70588235,0.0,0.0,0.0,0.2855591163906869,0.0,0.17647058700544535,0.0,0.0,8.067014861727955e-21,0.0,0.0,0.0,0.0,0.0,2.040695558101329e-19,0.0,0.11764622694388562,0.0,0.0,0.0,0.0,8.323114184470232e-07,5.989109567631627e-09,7.446959462957483e-10,7.446959465159519e-10
3.4736734273052454e-12,0.09846895040710585,0.70588235,0.0,0.0,0.0,0.28555904871960053,0.0,0.17647058700544607,0.0,0.0,1.0220207972988054e-20,0.0,0.0,0.0,0.0,0.0,2.38932827067651e-19,0.0,0.11764615933390289,0.0,0.0,0.0,0.0,8.998602961207662e-07,5.989108147941699e-09,8.058009879104888e-10,8.058009881698622e-10
4.0005056903049095e-12,0.09846895040710585,0.70588235,0.0,0.0,0.0,0.2855589137140207,0.0,0.1764705870054475,0.0,0.0,1.561120063145368e-20,0.0,0.0,0.0,0.0,0.0,3.169029246885076e-19,0.0,0.11764602445053005,0.0,0.0,0.0,0.0,1.0346214592377484e-06,5.989105315632791e-09,9.28010731098938e-10,9.280107314470635e-10
4.474654727004607e-12,0.09846895040710585,0.70588235,0.0,0.0,0.0,0.28555879259169514,0.0,0.17647058700544876,0.0,0.0,2.18458602657084e-20,0.0,0.0,0.0,0.0,0.0,3.9647358700555e-19,0.0,0.11764590343819033,0.0,0.0,0.0,0.0,1.155523810592545e-06,5.989102774626427e-09,1.037999092928429e-09,1.0379990933685948e-09
4.948803763704305e-12,0.09846895040710585,0.70588235,0.0,0.0,0.0,0.28555867183080014,0.0,0.17647058700545004,0.0,0.0,2.955222343782898e-20,0.0,0.0,0.0,0.0,0.0,4.849471263977729e-19,0.0,0.11764578278728066,0.0,0.0,0.0,0.0,1.276064732302866e-06,5.989100241190794e-09,1.147987047704716e-09,1.1479870482487678e-09
5.422952800404003e-12,0.09846895040710585,0.70588235,0.0,0.0,0.0,0.2855585514302551,0.0,0.17647058700545132,0.0,0.0,3.8886226824975403e-20,0.0,0.0,0.0,0.0,0.0,5.823234560949284e-19,0.0,0.11764566249672061,0.0,0.0,0.0,0.0,1.3962453048379732e-06,5.989097715286763e-09,1.2579745747555067e-09,1.257974575415603e-09
5.8971018371037e-12,0.09846895040710585,0.70588235,0.0,0.0,0.0,0.2855584313889828,0.0,0.1764705870054526,0.0,0.0,5.000380476627403e-20,0.0,0.0,0.0,0.0,0.0,6.886024876538984e-19,0.0,0.11764554256543289,0.0,0.0,0.0,0.0,1.5160666054373725e-06,5.989095196933528e-09,1.3679616534069574e-09,1.3679616541955676e-09
6.371250873803398e-12,0.09846895040710585,0.70588235,0.0,0.0,0.0,0.2855583117059094,0.0,0.17647058700545382,0.0,0.0,6.306088914745623e-20,0.0,0.0,0.0,0.0,0.0,8.037841309585805e-19,0.0,0.11764542299234362,0.0,0.0,0.0,0.0,1.6355297081203096e-06,5.989092686104657e-09,1.4779482629836948e-09,1.4779482639136007e-09
6.845399910503096e-12,0.09846895040710585,0.70588235,0.0,0.0,0.0,0.2855581923799641,0.0,0.17647058700545507,0.0,0.0,7.821340928316827e-20,0.0,0.0,0.0,0.0,0.0,9.278682942197746e-19,0.0,0.11764530377638192,0.0,0.0,0.0,0.0,1.7546356836954298e-06,5.989090182755142e-09,1.5879343828088371e-09,1.5879343838931322e-09
7.79369798390249e-12,0.09846895040710585,0.70588235,0.0,0.0,0.0,0.28555795479519064,0.0,0.17647058700545756,0.0,0.0,1.1542846055381165e-19,0.0,0.0,0.0,0.0,0.0,1.2027438050887828e-18,0.0,0.11764506641157417,0.0,0.0,0.0,0.0,1.991780520758351e-06,5.989085198443439e-09,1.8079050704893915e-09,1.807905071922992e-09
